-0.046789,1.922543,
-0.046789,1.922543,
-0.046789,1.922543,
-0.046789,1.922543,
-0.046789,1.922543,
-0.046789,1.922543,
-0.046789,1.922543,
-0.046789,1.922543,
-0.046789,1.922543,
-0.046789,1.922543,
-0.046789,1.922543,
-0.046789,1.922543,
-0.046789,1.922543,
-0.046789,1.922543,
-0.046789,1.922543,
-0.046789,1.922543,
-0.046789,1.922543,
-0.046789,1.922543,
-0.046789,1.922543,
-0.046789,1.922543,
-0.046789,1.922543,
-0.046789,1.922543,
-0.046789,1.922543,
-0.046789,1.922543,
-0.046789,1.922543,
-0.046789,1.922543,
-0.046789,1.922543,
-0.046789,1.922543,
-0.046789,1.922543,
-0.046789,1.922543,
-0.046789,1.922543,
-0.046789,1.922543,
-0.046789,1.922543,
-0.046789,1.922543,
-0.046789,1.922543,
-0.046789,1.922543,
-0.046789,1.922543,
-0.046789,1.922543,
-0.046789,1.922543,
-0.046789,1.922543,
-0.046789,1.922543,
-0.046789,1.922543,
-0.046789,1.922543,
-0.046789,1.922543,
-0.046789,1.922543,
-0.046789,1.922543,
-0.046789,1.922543,
-0.046789,1.922543,
-0.046789,1.922543,
-0.046789,1.922543,
-0.046789,1.922543,
-0.046789,1.922543,
-0.046789,1.922543,
-0.046789,1.922543,
-0.046789,1.922543,
-0.046789,1.922543,
-0.046789,1.922543,
-0.046789,1.922543,
-0.046789,1.922543,
-0.046789,1.922543,
-0.046789,1.922543,
-0.046789,1.922543,
-0.046789,1.922543,
-0.046789,1.922543,
-0.046789,1.922543,
-0.046789,1.922543,
-0.046789,1.922543,
-0.046789,1.922543,
-0.046789,1.922543,
-0.046789,1.922543,
-0.046789,1.922543,
-0.046789,1.922543,
-0.046789,1.922543,
-0.046789,1.922543,
-0.046789,1.922543,
-0.046789,1.922543,
-0.046789,1.922543,
-0.046789,1.922543,
-0.046789,1.922543,
-0.046789,1.922543,
-0.046789,1.922543,
-0.046789,1.922543,
-0.046789,1.922543,
-0.046789,1.922543,
-0.046789,1.922543,
-0.046789,1.922543,
-0.046789,1.922543,
-0.046789,1.922543,
-0.046789,1.922543,
-0.046789,1.922543,
-0.046789,1.922543,
-0.046789,1.922543,
-0.046789,1.922543,
-0.046789,1.922543,
-0.046789,1.922543,
-0.046789,1.922543,
-0.046789,1.922543,
-0.046789,1.922543,
-0.046789,1.922543,
-0.046789,1.922543,
-0.046789,1.922543,
-0.046789,1.922543,
-0.046789,1.922543,
-0.046789,1.922543,
-0.046789,1.922543,
-0.046789,1.922543,
-0.046789,1.922543,
-0.046789,1.922543,
-0.046789,1.922543,
-0.046789,1.922543,
-0.046789,1.922543,
-0.046789,1.922543,
-0.046789,1.922543,
-0.046789,1.922543,
-0.046789,1.922543,
-0.046789,1.922543,
-0.046789,1.922543,
-0.046789,1.922543,
-0.046789,1.922543,
-0.046789,1.922543,
-0.046789,1.922543,
-0.046789,1.922543,
-0.046789,1.922543,
-0.046789,1.922543,
-0.046789,1.922543,
-0.046789,1.922543,
-0.046789,1.922543,
-0.046789,1.922543,
-0.046789,1.922543,
-0.046789,1.922543,
-0.046789,1.922543,
-0.046789,1.922543,
-0.046789,1.922543,
-0.046789,1.922543,
-0.046789,1.922543,
-0.046789,1.922543,
-0.046789,1.922543,
-0.046789,1.922543,
-0.046789,1.922543,
-0.046789,1.922543,0.998750,
-0.046789,1.922543,0.974445,
-0.046789,1.922543,0.951262,
-0.046789,1.922543,0.929334,
-0.046789,1.922543,0.908799,
-0.046789,1.922543,0.889801,
-0.046789,1.922543,0.872485,
-0.046789,1.922543,0.856985,
-0.046789,1.922543,0.843437,
-0.046789,1.922543,0.831973,
-0.046789,1.922543,0.822718,
-0.046789,1.922543,0.815783,
-0.046789,1.922543,0.811254,
-0.046789,1.922543,0.809201,
-0.046789,1.922543,0.809694,
-0.046789,1.922543,0.812754,
-0.046789,1.922543,0.818373,
-0.046789,1.922543,0.826522,
-0.046789,1.922543,0.837149,
-0.046789,1.922543,0.850180,
-0.046789,1.922543,0.865525,
-0.046789,1.922543,0.883055,
-0.046789,1.922543,0.902660,
-0.046789,1.922543,0.924222,
-0.046789,1.922543,0.947619,
-0.046789,1.922543,0.972731,
-0.046789,1.922543,0.999436,
-0.046789,1.922543,
-0.046789,1.922543,
-0.046789,1.922543,
-0.046789,1.922543,
-0.046789,1.922543,
-0.046789,1.922543,
-0.046789,1.922543,
-0.046789,1.922543,
-0.046789,1.922543,
-0.046789,1.922543,
-0.046789,1.922543,
-0.046789,1.922543,
-0.046789,1.922543,
-0.046789,1.922543,
-0.046789,1.922543,
-0.046789,1.922543,
-0.046789,1.922543,0.982383,
-0.046789,1.922543,0.952741,
-0.046789,1.922543,0.923340,
-0.046789,1.922543,0.894382,
-0.046789,1.922543,0.866049,
-0.046789,1.922543,0.838531,
-0.046789,1.922543,0.812028,
-0.046555,1.922569,0.786782,
-0.046096,1.922619,0.763012,
-0.045685,1.922665,0.740920,
-0.045138,1.922725,0.720754,
-0.044554,1.922789,0.702768,
-0.043432,1.922913,0.687252,
-0.042068,1.923064,0.674410,
-0.040549,1.923231,0.664397,
-0.038558,1.923451,0.657469,
-0.037629,1.923553,0.653740,
-0.035877,1.923746,0.653285,
-0.033526,1.924006,0.656236,
-0.031212,1.924261,0.662572,
-0.028865,1.924520,0.672271,
-0.026454,1.924786,0.685066,
-0.023137,1.925151,0.700813,
-0.021577,1.925323,0.719516,
-0.017722,1.925749,0.740517,
-0.013773,1.926185,0.763880,
-0.010936,1.926498,0.789539,
-0.006999,1.926932,0.817055,
-0.003071,1.927366,0.846234,
0.001520,1.927873,0.876979,
0.004935,1.928249,0.909322,
0.009156,1.928715,0.942876,
0.013571,1.929202,0.977463,
0.015323,1.929395,
0.021274,1.930052,
0.025877,1.930560,
0.028624,1.930863,
0.035168,1.931586,
0.038722,1.931978,
0.040208,1.932142,
0.047856,1.932987,
0.050986,1.933332,
0.055824,1.933866,
0.063447,1.934708,
0.070984,1.935540,
0.077322,1.936239,
0.082739,1.936838,
0.091273,1.937780,
0.099306,1.938667,
0.101632,1.938924,
0.110777,1.939935,
0.119344,1.940882,
0.123471,1.941338,
0.134071,1.942511,
0.144539,1.943669,
0.151691,1.944460,
0.158934,1.945262,
0.166305,1.946079,
0.172822,1.946806,
0.179463,1.947545,
0.190105,1.948710,
0.197379,1.949486,
0.208454,1.950648,
0.215114,1.951335,
0.225296,1.952368,
0.232848,1.953112,
0.239465,1.953760,
0.248892,1.954669,
0.258156,1.955535,
0.265346,1.956191,
0.272720,1.956851,
0.278183,1.957330,
0.288164,1.958189,
0.295658,1.958819,
0.300653,1.959233,
0.310649,1.960043,
0.322637,1.960986,
0.333104,1.961784,
0.340080,1.962307,
0.347557,1.962860,
0.358026,1.963618,
0.365002,1.964113,
0.372475,1.964634,
0.382435,1.965314,
0.385921,1.965551,
0.396382,1.966255,
0.402867,1.966687,
0.410849,1.967212,
0.421312,1.967889,
0.431243,1.968523,
0.437210,1.968895,
0.449146,1.969616,
0.460084,1.970255,
0.469524,1.970792,
0.479443,1.971338,
0.486869,1.971738,
0.496733,1.972261,
0.508484,1.972870,
0.511404,1.973019,
0.522005,1.973556,
0.533757,1.974142,0.977530,
0.542970,1.974589,0.939517,
0.546590,1.974783,0.900963,
0.557604,1.975348,0.863202,
0.565017,1.975731,0.825096,
0.576009,1.976269,0.787235,
0.584237,1.976644,0.749118,
0.595083,1.977116,0.711273,
0.605076,1.977539,0.673465,
0.612573,1.977851,0.635396,
0.622566,1.978253,0.597422,
0.630069,1.978546,0.559327,
0.639574,1.978898,0.521356,
0.653558,1.979387,0.483707,
0.660550,1.979619,0.445648,
0.673541,1.980026,0.408116,
0.680539,1.980231,0.370398,
0.684036,1.980328,0.332473,
0.693022,1.980572,0.295101,
0.705498,1.980885,0.258566,
0.708991,1.980967,0.221840,
0.718468,1.981179,0.186759,
0.728945,1.981395,0.153533,
0.736939,1.981556,0.122646,
0.743426,1.981681,0.097844,
0.751398,1.981827,0.083432,
0.757871,1.981940,0.086177,
0.768326,1.982112,0.104773,
0.776785,1.982243,0.131887,
0.781258,1.982311,0.164082,
0.786720,1.982390,0.198349,
0.793668,1.982488,0.234269,
0.804054,1.982628,0.271067,
0.808979,1.982692,0.308295,
0.818279,1.982811,0.345938,
0.828430,1.982939,0.383900,
0.833670,1.983005,0.421998,
0.841629,1.983099,0.460271,
0.843945,1.983126,0.498659,
0.853219,1.983238,0.537075,
0.861591,1.983360,0.575436,
0.871972,1.983506,0.613919,
0.881507,1.983631,0.652529,
0.888688,1.983719,0.691275,
0.893482,1.983772,0.730043,
0.902651,1.983834,0.768870,
0.910475,1.983871,0.807694,
0.922925,1.983909,0.846655,
0.929920,1.983928,0.885612,
0.942431,1.983948,0.924633,
0.945937,1.983950,0.963645,
0.955952,1.983948,
0.965954,1.983936,0.998425,
0.970451,1.983927,0.992083,
0.979939,1.983899,0.986158,
0.990923,1.983850,0.981051,
0.998909,1.983805,0.976709,
1.006396,1.983756,0.973139,
1.017377,1.983670,0.970394,
1.023864,1.983612,0.968175,
1.031348,1.983536,0.966810,
1.042323,1.983412,0.966097,
1.046314,1.983362,0.965498,
1.054803,1.983249,0.965546,
1.066770,1.983081,0.966010,
1.071748,1.983007,0.966351,
1.081205,1.982863,0.967269,
1.093131,1.982670,0.968453,
1.101561,1.982527,0.969740,
1.106516,1.982441,0.970653,
1.118359,1.982232,0.971856,
1.122775,1.982152,0.971217,
1.130586,1.982009,0.970917,
1.135918,1.981911,0.969711,
1.142162,1.981800,0.969068,
1.153925,1.981586,0.968090,
1.158606,1.981498,0.966966,
1.165614,1.981388,0.966636,
1.177420,1.981209,0.966497,
1.186111,1.981082,0.966594,
1.190003,1.981021,0.967573,
1.200730,1.980836,0.969098,
1.203153,1.980792,0.971469,
1.214167,1.980577,0.973942,
1.224723,1.980316,0.977131,
1.231541,1.980138,0.980973,
1.238956,1.979930,0.985517,
1.245946,1.979734,0.990810,
1.250941,1.979594,0.996795,
1.261941,1.979278,
1.269448,1.979057,
1.278955,1.978770,
1.291947,1.978367,
1.299430,1.978132,
1.311900,1.977731,
1.315889,1.977601,
1.324367,1.977319,
1.331853,1.977065,
1.339346,1.976807,
1.349330,1.976456,
1.356799,1.976188,
1.363261,1.975955,
1.374709,1.975522,
1.380681,1.975287,
1.390130,1.974905,
1.393115,1.974782,
1.400566,1.974470,
1.408011,1.974149,
1.412969,1.973933,
1.425333,1.973384,
1.431727,1.973097,
1.440038,1.972721,
1.449727,1.972281,
1.462058,1.971725,
1.466283,1.971533,
1.473799,1.971204,
1.485667,1.970706,
1.492947,1.970405,
1.499336,1.970137,
1.510201,1.969666,0.980634,
1.522393,1.969105,0.948848,
1.530087,1.968734,0.917893,
1.537288,1.968374,0.888215,
1.547008,1.967846,0.860349,
1.558837,1.967169,0.835334,
1.569319,1.966551,0.811036,
1.578310,1.966007,0.787709,
1.586804,1.965481,0.765888,
1.596796,1.964843,0.745454,
1.608736,1.964055,0.726720,
1.619415,1.963347,0.709945,
1.626365,1.962892,0.695301,
1.634049,1.962387,0.683013,
1.641115,1.961918,0.673479,
1.643190,1.961781,0.666159,
1.651182,1.961248,0.661083,
1.658235,1.960794,0.658493,
1.666062,1.960303,0.658564,
1.671935,1.959940,0.661541,
1.680212,1.959440,0.667352,
1.685835,1.959104,0.675993,
1.691443,1.958760,0.687561,
1.698131,1.958339,0.701852,
1.705102,1.957898,0.718748,
1.710820,1.957530,0.738225,
1.719423,1.956957,0.760015,
1.723499,1.956688,0.784021,
1.734190,1.955980,0.810623,
1.737855,1.955736,0.839015,
1.745150,1.955247,0.869354,
1.749509,1.954954,0.901096,
1.756723,1.954477,0.934027,
1.762348,1.954109,0.968032,
1.767148,1.953792,
1.773734,1.953350,
1.776980,1.953131,
1.783116,1.952727,
1.789884,1.952285,0.994972,
1.797798,1.951756,0.983637,
1.799349,1.951649,0.971577,
1.805351,1.951234,0.960184,
1.808577,1.951008,0.948517,
1.812285,1.950742,0.937005,
1.818370,1.950298,0.925932,
1.821869,1.950037,0.914614,
1.827569,1.949605,0.903737,
1.831052,1.949340,0.892623,
1.833754,1.949127,0.881510,
1.838461,1.948757,0.870753,
1.842535,1.948430,0.860031,
1.846261,1.948125,0.849363,
1.850480,1.947777,0.838883,
1.852493,1.947609,0.828092,
1.855473,1.947357,0.817594,
1.860142,1.946957,0.807501,
1.861023,1.946882,0.796786,
1.864657,1.946569,0.787061,
1.867406,1.946331,0.777056,
1.869416,1.946156,0.767412,
1.872072,1.945922,0.757680,
1.874113,1.945740,0.747878,
1.876807,1.945498,0.738195,
1.879380,1.945265,0.728522,
1.881404,1.945080,0.718756,
1.882546,1.944973,0.708735,
1.883915,1.944846,0.698798,
1.885757,1.944672,0.688985,
1.887245,1.944529,0.679137,
1.888096,1.944446,0.669120,
1.888871,1.944370,0.659121,
1.889809,1.944277,0.649187,
1.890302,1.944228,0.639130,
1.890631,1.944193,0.629054,
1.890914,1.944165,0.618975,
1.890949,1.944163,0.608855,
1.890954,1.944162,0.598752,
1.890957,1.944163,0.588684,
1.890943,1.944165,0.578670,0.990285,
1.890936,1.944165,0.568726,0.979176,
1.890928,1.944166,0.558838,0.968239,
1.890914,1.944167,0.548990,0.957508,
1.890909,1.944168,0.539190,0.946993,
1.890901,1.944169,0.529438,0.936709,
1.890897,1.944170,0.519739,0.926666,
1.890896,1.944170,0.510096,0.916875,
1.890896,1.944170,0.500510,0.907344,
1.890894,1.944169,0.490982,0.898084,
1.890893,1.944170,0.481513,0.889102,
1.890890,1.944171,0.472105,0.880404,
1.890889,1.944170,0.462760,0.871997,
1.890887,1.944170,0.453477,0.863887,
1.890886,1.944171,0.444257,0.856076,
1.890884,1.944171,0.435098,0.848570,
1.890883,1.944171,0.426004,0.841370,
1.890882,1.944171,0.416974,0.834473,
1.890880,1.944171,0.408010,0.827874,
1.890879,1.944171,0.399113,0.821571,
1.890877,1.944171,0.390280,0.815558,
1.890877,1.944172,0.381510,0.809832,
1.890874,1.944172,0.370200,0.806315,
1.890873,1.944172,0.356649,0.804668,
1.890871,1.944173,0.342015,0.805772,
1.890869,1.944173,0.325912,0.999331,0.807719,
1.890868,1.944173,0.308261,0.982591,0.810161,
1.890867,1.944173,0.289351,0.965810,0.812860,
1.890866,1.944173,0.269439,0.949021,0.815644,
1.890864,1.944173,0.248755,0.932269,0.818401,
1.890862,1.944174,0.227505,0.915616,0.821068,
1.890861,1.944173,0.205886,0.899135,0.823615,
1.890859,1.944173,0.184094,0.882904,0.826038,
1.890857,1.944174,0.162350,0.867007,0.828339,
1.890855,1.944174,0.140938,0.851530,0.830532,
1.890853,1.944174,0.120271,0.836558,0.832626,
1.890851,1.944174,0.101016,0.834634,0.822176,
1.890850,1.944174,0.084338,0.836564,0.808462,
1.890849,1.944175,0.072206,0.838423,0.795495,
1.890847,1.944175,0.067251,0.840214,0.783348,
1.890846,1.944175,0.071065,0.841941,0.772088,
1.890845,1.944175,0.082478,0.843603,0.761782,
1.890843,1.944175,0.098924,0.845202,0.752474,
1.890841,1.944175,0.118349,0.846740,0.744213,
1.890841,1.944176,0.139538,0.848216,0.737042,
1.890839,1.944176,0.161817,0.849632,0.731003,
1.890838,1.944176,0.184810,0.850987,0.726136,
1.890836,1.944176,0.208296,0.852281,0.722476,
1.890835,1.944176,0.232137,0.853514,0.720052,
1.890833,1.944177,0.256246,0.854684,0.718889,
1.890831,1.944177,0.280564,0.855793,0.719007,
1.890830,1.944177,0.305049,0.856837,0.720418,
1.890828,1.944177,0.329673,0.857818,0.723127,
1.890826,1.944177,0.354414,0.858734,0.727137,
1.890825,1.944177,0.379255,0.859583,0.732439,
1.890823,1.944177,0.404184,0.860367,0.739022,
1.890822,1.944178,0.429189,0.861084,0.746869,
1.890821,1.944177,0.454263,0.861733,0.755958,
1.890820,1.944178,0.479399,0.862314,0.766263,
1.890818,1.944178,0.504592,0.862827,0.777755,
1.890815,1.944178,0.529837,0.863272,0.790402,
1.890814,1.944178,0.555128,0.863648,0.804170,
1.890812,1.944178,0.580462,0.863957,0.819025,
1.890811,1.944179,0.605836,0.864198,0.834933,
1.890809,1.944179,0.631247,0.864371,0.851859,
1.890808,1.944179,0.656692,0.864479,0.869770,
1.890805,1.944179,0.682170,0.864522,0.888633,
1.890803,1.944179,0.707657,0.864519,0.908405,
1.890802,1.944179,0.733136,0.864480,0.929038,
1.890800,1.944180,0.758593,0.864414,0.950486,
1.890799,1.944180,0.784010,0.864323,0.972705,
1.890797,1.944180,0.809379,0.864212,0.995652,
1.890795,1.944180,0.834687,0.864083,
1.890794,1.944180,0.859927,0.863940,
1.890792,1.944180,0.885091,0.863787,
1.890790,1.944181,0.910174,0.863629,
1.890789,1.944181,0.935170,0.863473,
1.890787,1.944181,0.960076,0.863325,
1.890786,1.944181,0.984889,0.863195,
1.890784,1.944181,0.863091,
1.890783,1.944181,0.863024,
1.890782,1.944182,0.863007,
1.890780,1.944182,0.863050,
1.890778,1.944182,0.863168,
1.890776,1.944182,0.863375,
1.890774,1.944182,0.863686,
1.890772,1.944183,0.864116,
1.890771,1.944183,0.864684,
1.890769,1.944183,0.865407,
1.890767,1.944183,0.866304,
1.890766,1.944183,0.867396,
1.890764,1.944183,0.868704,
1.890763,1.944184,0.870254,
1.890762,1.944184,0.872074,
1.890760,1.944184,0.874192,
1.890758,1.944184,0.876637,
1.890757,1.944184,0.879440,
1.890756,1.944184,0.882636,
1.890754,1.944184,0.886257,
1.890752,1.944185,0.890339,
1.890750,1.944185,0.894921,
1.890748,1.944185,0.900040,
1.890746,1.944185,0.905732,
1.890744,1.944185,0.912008,
1.890741,1.944186,0.918790,
1.890740,1.944186,0.926075,
1.890738,1.944186,0.933862,
1.890736,1.944186,0.942146,
1.890736,1.944186,0.950914,
1.890734,1.944187,0.960152,
1.887731,1.944446,
1.887729,1.944447,
1.887727,1.944447,
1.887724,1.944447,
1.887723,1.944447,
1.887722,1.944447,
1.887720,1.944447,
1.887776,1.944444,
1.887689,1.944449,
1.887356,1.944469,
1.886731,1.944515,
1.886003,1.944570,
1.885529,1.944605,
1.884427,1.944689,
1.884124,1.944713,
1.882597,1.944832,
1.880976,1.944960,
1.879677,1.945065,
1.878157,1.945188,
1.876099,1.945357,
1.874874,1.945459,
1.872133,1.945689,
1.870221,1.945851,
1.866640,1.946158,
1.864292,1.946361,
1.861973,1.946562,
1.858930,1.946828,
1.857095,1.946988,
1.853840,1.947271,
1.851040,1.947512,
1.848511,1.947725,
1.845596,1.947976,
1.841274,1.948358,
1.839001,1.948554,
1.835623,1.948832,
1.830802,1.949195,
1.828318,1.949388,
1.824595,1.949658,
1.820108,1.949953,
1.817776,1.950104,
1.811724,1.950474,
1.806639,1.950758,
1.802045,1.951023,
1.798323,1.951199,
1.793658,1.951408,
1.790240,1.951563,
1.785654,1.951766,
1.780535,1.951988,
1.776203,1.952137,
1.772599,1.952257,
1.767673,1.952424,
1.762013,1.952553,
1.759914,1.952595,
1.754723,1.952710,
1.749623,1.952815,
1.743606,1.952930,
1.738827,1.952993,
1.735810,1.953037,
1.730762,1.953077,
1.725705,1.953095,
1.721836,1.953101,
1.717913,1.953090,
1.714732,1.953070,
1.711242,1.953032,
1.703618,1.952918,
1.697422,1.952767,
1.695144,1.952699,
1.689689,1.952517,
1.682423,1.952212,
1.682128,1.952198,
1.675098,1.951837,
1.670485,1.951565,
1.667864,1.951404,
1.663837,1.951142,
1.658373,1.950777,
1.654209,1.950487,
1.647786,1.950012,
1.642217,1.949578,
1.639461,1.949359,
1.634966,1.948998,
1.628904,1.948506,
1.624533,1.948152,
1.619377,1.947735,
1.613260,1.947237,
1.608013,1.946798,
1.603320,1.946395,
1.598335,1.945956,
1.594524,1.945612,
1.589837,1.945181,
1.582814,1.944515,
1.576676,1.943916,
1.570838,1.943330,
1.566463,1.942880,
1.561217,1.942330,
1.553934,1.941546,
1.547229,1.940804,
1.543433,1.940374,
1.539629,1.939938,
1.534638,1.939356,
1.530229,1.938831,
1.524342,1.938123,
1.517605,1.937296,
1.511816,1.936574,
1.508396,1.936141,
1.502844,1.935428,
1.497566,1.934740,
1.491515,1.933947,
1.488736,1.933583,
1.484689,1.933020,
1.478794,1.932209,
1.476984,1.931943,
1.470688,1.931078,
1.465113,1.930288,
1.459068,1.929437,
1.455992,1.928996,
1.449737,1.928108,
1.444834,1.927405,
1.439002,1.926565,
1.434890,1.925963,
1.429883,1.925222,
1.428111,1.924956,
1.420785,1.923854,
1.414262,1.922857,
1.412004,1.922512,
1.406293,1.921644,
1.404270,1.921341,
1.399019,1.920554,
1.392896,1.919646,
1.389771,1.919193,
1.385224,1.918530,
1.380942,1.917908,
1.377194,1.917363,
1.372517,1.916675,
1.369293,1.916196,
1.363484,1.915331,
1.359179,1.914682,
1.354900,1.914039,
1.349085,1.913170,
1.343498,1.912344,
1.339085,1.911699,
1.334436,1.911023,
1.328937,1.910231,
1.323151,1.909395,
1.318769,1.908757,
1.316128,1.908371,
1.309974,1.907460,
1.305642,1.906812,
1.300184,1.905992,
1.296699,1.905469,
1.289404,1.904370,
1.284164,1.903580,
1.281255,1.903142,
1.275160,1.902221,
1.272836,1.901867,
1.267322,1.901027,
1.262396,1.900271,
1.256895,1.899420,
1.251689,1.898609,
1.245903,1.897700,
1.240982,1.896927,
1.235765,1.896103,
1.231405,1.895412,
1.225277,1.894438,
1.224107,1.894252,
1.216882,1.893094,
1.212612,1.892414,
1.206989,1.891514,
1.202333,1.890764,
1.198382,1.890120,
1.192079,1.889068,
1.187371,1.888254,
1.183407,1.887567,
1.180217,1.887033,
1.177249,1.886529,
1.172249,1.885667,
1.169705,1.885219,
1.164323,1.884237,
1.160726,1.883540,
1.156781,1.882819,
1.151175,1.881782,
1.146023,1.880817,
1.143020,1.880251,
1.137274,1.879155,
1.130049,1.877771,
1.126110,1.877008,
1.122984,1.876403,
1.116090,1.875073,
1.111437,1.874173,
1.108529,1.873613,
1.101221,1.872207,
1.098290,1.871645,
1.093887,1.870800,
1.090076,1.870071,
1.086557,1.869399,
1.080737,1.868293,
1.078412,1.867849,
1.072087,1.866647,
1.066415,1.865572,
1.064988,1.865304,
1.057847,1.863979,
1.055266,1.863509,
1.050962,1.862732,
1.045537,1.861769,
1.040641,1.860909,
1.036305,1.860151,
1.029034,1.858880,
1.024692,1.858124,
1.021806,1.857626,
1.016634,1.856724,
1.011729,1.855868,
1.007648,1.855151,
1.000366,1.853859,
0.995714,1.853023,
0.991647,1.852288,
0.985845,1.851231,
0.980630,1.850273,
0.978315,1.849846,
0.971089,1.848501,
0.969069,1.848123,
0.963586,1.847091,
0.956386,1.845726,
0.951782,1.844849,
0.945743,1.843692,
0.942579,1.843083,
0.938286,1.842254,
0.935433,1.841706,0.991094,
0.928594,1.840384,0.964863,
0.923137,1.839329,0.939389,
0.916770,1.838122,0.914554,
0.913870,1.837577,0.889996,
0.904943,1.835923,0.866436,
0.903517,1.835661,0.843603,
0.897555,1.834580,0.822286,
0.892023,1.833598,0.802469,
0.886429,1.832623,0.784545,
0.883836,1.832176,0.768663,
0.879235,1.831406,0.754795,
0.874934,1.830704,0.743274,
0.872414,1.830304,0.734055,
0.867629,1.829549,0.727103,
0.865102,1.829156,0.722145,
0.860542,1.828455,0.719213,
0.853764,1.827430,0.717838,
0.849154,1.826727,0.717928,
0.847227,1.826439,0.719891,
0.839979,1.825375,0.723053,
0.835698,1.824748,0.727337,
0.832213,1.824242,0.733326,
0.825857,1.823333,0.740041,
0.821553,1.822716,0.747622,
0.817824,1.822186,0.756634,
0.811412,1.821271,0.766280,
0.804644,1.820293,0.776508,
0.801100,1.819780,0.787264,
0.796347,1.819086,0.798516,
0.788936,1.818004,0.810087,
0.784500,1.817359,0.821874,
0.778596,1.816499,0.833781,
0.774167,1.815855,0.845752,
0.772101,1.815558,0.857650,
0.766148,1.814692,0.869441,
0.761106,1.813959,0.881044,
0.755175,1.813086,0.892442,
0.751624,1.812557,0.903608,
0.745469,1.811622,0.914477,
0.741080,1.810940,0.925035,
0.737251,1.810332,0.935448,
0.731677,1.809432,0.945560,
0.728715,1.808948,0.955484,
0.722841,1.807985,0.965099,
0.715505,1.806774,0.958509,
0.711116,1.806047,0.930108,
0.705509,1.805105,0.902588,
0.701180,1.804376,0.876504,
0.698269,1.803881,0.852166,
0.693009,1.802967,0.828899,
0.686890,1.801883,0.807354,
0.680791,1.800780,0.787870,
0.678180,1.800302,0.771092,
0.672097,1.799174,0.756228,
0.668916,1.798576,0.744279,
0.664007,1.797644,0.734897,
0.656800,1.796252,0.728254,
0.652477,1.795402,0.724765,
0.649598,1.794834,0.724401,
0.645285,1.793973,0.727005,
0.641547,1.793221,0.732739,
0.637233,1.792344,0.741165,
0.633779,1.791635,0.752270,
0.628019,1.790443,0.766614,
0.623697,1.789537,0.783400,
0.617945,1.788321,0.802869,
0.613651,1.787405,0.824640,
0.607962,1.786180,0.848796,
0.605142,1.785569,0.874234,
0.599847,1.784418,0.902271,
0.595687,1.783498,0.931620,
0.592872,1.782877,0.962297,
0.585765,1.781300,0.995478,
0.581501,1.780368,
0.576941,1.779371,
0.571297,1.778133,
0.565479,1.776864,
0.561910,1.776086,
0.556519,1.774933,
0.552094,1.773988,
0.549524,1.773440,
0.544393,1.772331,
0.540151,1.771433,
0.537406,1.770850,
0.531572,1.769609,
0.529869,1.769256,
0.524002,1.768037,
0.521748,1.767570,
0.516621,1.766503,
0.512086,1.765563,
0.506954,1.764507,
0.503792,1.763857,
0.500896,1.763263,
0.495360,1.762144,
0.488352,1.760732,
0.483934,1.759852,
0.479755,1.759026,
0.473854,1.757866,
0.470302,1.757169,
0.465877,1.756302,
0.459143,1.754975,
0.453288,1.753807,
0.449779,1.753101,
0.443635,1.751855,
0.436639,1.750419,
0.431969,1.749452,
0.426451,1.748299,
0.422102,1.747383,
0.414834,1.745851,
0.413069,1.745480,
0.407796,1.744375,
0.404857,1.743766,
0.399078,1.742579,0.986564,
0.395645,1.741887,0.964980,
0.391297,1.741018,0.945191,
0.386937,1.740151,0.927838,
0.381357,1.739044,0.912515,
0.378168,1.738411,0.900253,
0.371514,1.737088,0.889904,
0.368057,1.736398,0.882480,
0.363941,1.735580,0.877851,
0.357292,1.734265,0.875595,
0.354409,1.733700,0.876208,
0.348933,1.732636,0.879645,
0.344037,1.731696,0.885666,
0.340018,1.730933,0.894164,
0.335682,1.730118,0.905433,
0.327451,1.728563,0.919172,
0.323959,1.727898,0.934901,
0.319623,1.727074,0.953113,
0.313837,1.725961,0.973736,
0.310945,1.725401,0.995827,0.999812,
0.305454,1.724328,0.958916,
0.298551,1.722966,0.917617,
0.293720,1.722006,0.877319,
0.289808,1.721223,0.837439,
0.284059,1.720060,0.797072,
0.278370,1.718896,0.757008,
0.274883,1.718193,0.718184,
0.271674,1.717541,0.679629,
0.265289,1.716241,0.640112,
0.262904,1.715751,0.602540,
0.257883,1.714723,0.564035,
0.257355,1.714614,0.527491,
0.252036,1.713516,0.489188,
0.246326,1.712319,0.450861,
0.243554,1.711733,0.413781,
0.237690,1.710470,0.375458,
0.230634,1.708930,0.336653,
0.228643,1.708487,0.300077,
0.223342,1.707306,0.261928,
0.220301,1.706627,0.224763,
0.216160,1.705693,0.186944,
0.212085,1.704776,0.149097,
0.208623,1.703990,0.111432,
0.203185,1.702764,0.072697,
0.196404,1.701247,0.033363,
0.193260,1.700550,0.006722,
0.189001,1.699605,0.043908,
0.181873,1.698024,0.083983,
0.178122,1.697192,0.122815,
0.174634,1.696414,0.161847,
0.167083,1.694723,0.202899,
0.162437,1.693674,0.242865,
0.158949,1.692882,0.282509,
0.152270,1.691355,0.323817,
0.145596,1.689815,0.365493,
0.142698,1.689143,0.405584,
0.137185,1.687858,0.447153,
0.131095,1.686432,0.488951,
0.126748,1.685408,0.529949,
0.123857,1.684723,0.570281,
0.119803,1.683762,0.611077,
0.116039,1.682865,0.651791,
0.110282,1.681488,0.693356,
0.104515,1.680104,0.734821,
0.095000,1.677813,0.777994,
0.094424,1.677675,0.816913,
0.087230,1.675936,0.999408,0.858910,
0.081356,1.674511,0.997677,0.900161,
0.074598,1.672867,0.997690,0.941729,
0.072543,1.672363,0.999210,0.981076,
0.065509,1.670653,
0.059613,1.669230,
0.056946,1.668593,
0.050942,1.667167,
0.045398,1.665869,
0.043201,1.665359,
0.037391,1.664025,
0.031309,1.662649,
0.027465,1.661796,
0.023436,1.660904,
0.017860,1.659668,
0.013638,1.658732,
0.010820,1.658109,
0.003779,1.656551,
-0.001818,1.655313,
-0.004039,1.654822,
-0.010066,1.653494,
-0.012499,1.652952,
-0.017608,1.651817,
-0.023539,1.650508,
-0.027479,1.649650,
-0.032201,1.648626,
-0.036612,1.647667,
-0.041973,1.646502,
-0.042953,1.646299,
-0.048170,1.645219,
-0.052475,1.644333,
-0.057475,1.643288,
-0.061323,1.642483,
-0.067540,1.641216,
-0.070400,1.640630,
-0.074269,1.639840,
-0.078201,1.639036,
-0.080850,1.638494,
-0.087615,1.637097,
-0.090092,1.636582,
-0.094534,1.635651,
-0.101593,1.634149,
-0.103017,1.633845,
-0.108792,1.632592,
-0.115769,1.631050,
-0.121292,1.629810,
-0.123330,1.629343,
-0.130594,1.627668,
-0.136955,1.626178,
-0.139858,1.625492,
-0.144506,1.624386,
-0.150298,1.622991,
-0.152611,1.622430,
-0.158987,1.620871,
-0.161856,1.620163,
-0.168032,1.618635,
-0.173261,1.617337,
-0.179752,1.615730,
-0.185456,1.614322,
-0.191123,1.612924,
-0.195361,1.611880,
-0.199564,1.610851,
-0.204918,1.609553,
-0.209171,1.608534,
-0.215143,1.607129,
-0.219107,1.606216,
-0.223653,1.605180,
-0.230189,1.603710,
-0.236437,1.602315,
-0.243595,1.600722,
-0.250680,1.599144,
-0.253518,1.598516,
-0.258639,1.597392,
-0.264321,1.596162,
-0.270018,1.594952,
-0.272594,1.594411,
-0.278321,1.593236,0.997516,
-0.280046,1.592886,0.990230,
-0.286964,1.591510,0.984456,
-0.288983,1.591116,0.980194,
-0.294460,1.590061,0.977633,
-0.297632,1.589461,0.976612,
-0.301669,1.588709,0.977315,
-0.308847,1.587405,0.979545,
-0.313053,1.586664,0.980566,
-0.315522,1.586234,0.977775,
-0.318225,1.585772,0.975121,
-0.323451,1.584890,0.972680,
-0.328303,1.584078,0.970568,
-0.332387,1.583420,0.968596,
-0.334910,1.583025,0.966968,
-0.339893,1.582243,0.965559,
-0.343638,1.581689,0.964323,
-0.348164,1.581034,0.963469,
-0.354268,1.580153,0.962811,
-0.358648,1.579546,0.962358,
-0.362281,1.579044,0.962119,
-0.366382,1.578492,0.962262,
-0.373234,1.577562,0.962574,
-0.376732,1.577090,0.963170,
-0.379996,1.576655,0.964159,
-0.384963,1.575990,0.965336,
-0.388057,1.575569,0.966795,
-0.393716,1.574809,0.968515,
-0.396876,1.574376,0.970565,
-0.401221,1.573779,0.990360,0.972904,
-0.409128,1.572678,0.954213,0.975261,
-0.415568,1.571762,0.917759,0.977858,
-0.422266,1.570804,0.881406,0.980588,
-0.427198,1.570095,0.844640,0.983570,
-0.431266,1.569512,0.807687,0.986755,
-0.434480,1.569055,0.770636,0.990250,
-0.437421,1.568638,0.733672,0.994025,
-0.444699,1.567618,0.697870,0.997586,
-0.448469,1.567090,0.661257,
-0.452539,1.566524,0.624991,
-0.459597,1.565533,0.589676,
-0.464301,1.564866,0.554208,0.990340,
-0.468424,1.564277,0.519083,0.974285,
-0.473691,1.563524,0.484985,0.957775,
-0.479293,1.562707,0.451729,0.941497,
-0.486058,1.561703,0.419691,0.925407,
-0.491040,1.560952,0.388592,0.909470,
-0.496922,1.560054,0.359356,0.893659,
-0.501316,1.559373,0.332485,0.877386,
-0.504245,1.558917,0.308485,0.861270,
-0.510108,1.557992,0.289161,0.844776,
-0.514499,1.557293,0.275074,0.827992,
-0.518593,1.556635,0.266941,0.811469,
-0.525891,1.555447,0.265315,0.795180,
-0.531427,1.554535,0.270581,0.779131,
-0.534628,1.554003,0.282860,0.763363,
-0.540150,1.553078,0.301294,0.747505,
-0.544793,1.552293,0.324997,0.732042,
-0.549431,1.551503,0.352889,0.717063,
-0.554354,1.550657,0.384407,0.702362,
-0.561601,1.549398,0.417825,0.688585,
-0.563628,1.549044,0.454852,0.675845,
-0.570296,1.547877,0.492113,0.664220,
-0.575800,1.546912,0.531295,0.653733,
-0.581019,1.545994,0.571598,0.644653,
-0.585079,1.545279,0.613124,0.637115,
-0.590889,1.544254,0.654821,0.631206,
-0.596118,1.543336,0.697181,0.627073,
-0.598138,1.542984,0.741008,0.624808,
-0.602733,1.542177,0.784262,0.996387,0.624476,
-0.605598,1.541681,0.828352,0.626162,0.992741,
-0.612418,1.540513,0.871337,0.629865,0.988394,
-0.616336,1.539853,0.915492,0.635599,0.984856,
-0.619657,1.539294,0.959966,0.643415,0.981754,
-0.626263,1.538192,0.653221,0.978165,
-0.630368,1.537527,0.665048,0.975399,
-0.634992,1.536787,0.678814,0.972809,
-0.640139,1.535974,0.694546,0.970492,
-0.645808,1.535109,0.712113,0.968462,
-0.648504,1.534700,0.731294,0.967370,
-0.653901,1.533885,0.752115,0.966090,
-0.659268,1.533102,0.774317,0.965157,
-0.662264,1.532667,0.797793,0.965040,
-0.667798,1.531856,0.822438,0.964685,
-0.671735,1.531292,0.848315,0.965092,
-0.674868,1.530836,0.875311,0.966039,
-0.681427,1.529892,0.903179,0.966530,
-0.688629,1.528843,0.931836,0.967128,
-0.690385,1.528587,0.961208,0.969212,
-0.697435,1.527553,0.991234,0.970350,
-0.700071,1.527159,0.972852,
-0.704483,1.526499,0.975160,
-0.710968,1.525530,0.977310,
-0.713630,1.525130,0.980562,
-0.721907,1.523882,0.982640,
-0.726927,1.523120,0.985677,
-0.731607,1.522406,0.989082,
-0.734542,1.521959,0.993088,
-0.740403,1.521065,0.996589,
-0.744810,1.520401,
-0.749525,1.519695,
-0.756581,1.518642,
-0.762653,1.517740,
-0.768819,1.516822,
-0.774118,1.516025,
-0.780286,1.515093,
-0.785865,1.514238,
-0.792634,1.513201,
-0.796454,1.512611,
-0.800860,1.511928,
-0.807908,1.510827,
-0.814066,1.509857,
-0.819606,1.508976,
-0.824248,1.508230,
-0.829507,1.507370,
-0.833886,1.506643,
-0.837089,1.506102,
-0.841455,1.505356,
-0.846102,1.504547,
-0.851614,1.503579,
-0.853644,1.503217,
-0.857987,1.502439,
-0.861748,1.501758,
-0.866373,1.500912,
-0.873019,1.499678,
-0.877947,1.498751,
-0.885152,1.497383,
-0.891776,1.496107,
-0.896690,1.495157,
-0.901874,1.494170,
-0.906652,1.493268,
-0.913474,1.491995,
-0.916137,1.491505,
-0.923482,1.490127,
-0.924271,1.489979,
-0.928756,1.489145,
-0.931445,1.488654,
-0.936590,1.487729,
-0.942355,1.486706,
-0.947883,1.485731,
-0.950666,1.485243,
-0.956221,1.484281,
-0.962629,1.483183,
-0.964023,1.482945,
-0.970171,1.481898,
-0.974093,1.481234,
-0.978892,1.480422,
-0.984010,1.479546,
-0.989191,1.478660,
-0.994403,1.477766,
-0.997874,1.477166,
-1.002223,1.476405,
-1.006577,1.475634,
-1.013331,1.474414,
-1.016198,1.473894,
-1.020750,1.473052,
-1.027766,1.471743,
-1.030984,1.471136,
-1.035377,1.470306,
-1.038599,1.469694,
-1.042965,1.468857,
-1.048363,1.467817,
-1.050361,1.467431,
-1.057001,1.466150,
-1.062841,1.465026,
-1.065763,1.464468,
-1.071589,1.463357,
-1.075958,1.462526,
-1.079758,1.461804,
-1.085889,1.460639,
-1.090568,1.459751,
-1.093782,1.459142,
-1.099601,1.458039,
-1.105416,1.456936,
-1.108336,1.456381,
-1.115915,1.454933,
-1.118825,1.454375,
-1.123194,1.453535,
-1.129299,1.452357,
-1.133556,1.451533,
-1.136399,1.450982,
-1.143625,1.449596,
-1.147682,1.448824,
-1.152023,1.448004,
-1.158095,1.446866,
-1.162673,1.446015,
-1.167012,1.445218,
-1.173095,1.444118,
-1.177150,1.443397,
-1.181790,1.442580,
-1.187589,1.441577,
-1.194793,1.440351,
-1.197364,1.439920,
-1.202787,1.439008,
-1.209003,1.437966,
-1.211769,1.437504,
-1.215927,1.436805,
-1.222933,1.435624,
-1.225752,1.435147,
-1.229947,1.434439,
-1.232487,1.434012,
-1.237005,1.433259,
-1.242685,1.432319,
-1.248385,1.431401,
-1.254092,1.430499,
-1.258099,1.429874,
-1.258388,1.429829,
-1.265557,1.428728,
-1.269278,1.428165,
-1.273560,1.427523,
-1.280119,1.426548,
-1.284107,1.425960,
-1.288671,1.425292,
-1.294114,1.424494,
-1.297599,1.423983,
-1.301951,1.423333,
-1.307638,1.422482,
-1.309053,1.422270,
-1.314466,1.421458,
-1.317623,1.420987,
-1.321656,1.420380,
-1.325725,1.419773,
-1.327769,1.419467,
-1.333530,1.418614,
-1.339296,1.417758,
-1.344829,1.416933,
-1.347766,1.416492,
-1.353656,1.415603,
-1.360365,1.414579,
-1.367615,1.413464,
-1.372609,1.412696,
-1.375257,1.412288,
-1.381438,1.411333,
-1.388788,1.410198,
-1.393175,1.409517,
-1.396104,1.409062,
-1.402842,1.408006,
-1.405782,1.407544,
-1.411655,1.406614,
-1.418703,1.405491,
-1.424273,1.404597,
-1.427498,1.404077,
-1.433357,1.403127,
-1.435113,1.402841,
-1.440961,1.401885,
-1.447965,1.400733,
-1.452631,1.399959,
-1.455545,1.399473,
-1.459910,1.398742,
-1.462817,1.398252,
-1.469786,1.397070,
-1.474136,1.396327,
-1.477329,1.395777,
-1.484287,1.394575,0.985443,
-1.487186,1.394071,0.969279,
-1.491824,1.393260,0.953517,
-1.497339,1.392291,0.938190,
-1.501694,1.391523,0.922734,
-1.506038,1.390750,0.907651,
-1.510730,1.389928,0.892526,
-1.517316,1.388753,0.877879,
-1.523623,1.387648,0.863715,
-1.528724,1.386765,0.850030,
-1.534563,1.385766,0.836836,
-1.537545,1.385254,0.823722,
-1.542353,1.384436,0.811180,
-1.547611,1.383561,0.799248,
-1.553848,1.382538,0.787947,
-1.558313,1.381814,0.776970,
-1.561216,1.381342,0.766778,
-1.567390,1.380359,0.757415,
-1.571460,1.379713,0.748672,
-1.574727,1.379197,0.740945,
-1.580790,1.378242,0.734383,
-1.581620,1.378111,0.728852,
-1.587723,1.377143,0.724643,
-1.591604,1.376532,0.721664,
-1.595514,1.375911,0.720141,
-1.601728,1.374920,0.720130,
-1.605452,1.374321,0.721578,
-1.609753,1.373611,0.724571,
-1.616061,1.372558,0.729164,
-1.621453,1.371643,0.735347,
-1.624560,1.371115,0.743166,
-1.631103,1.369985,0.752606,
-1.637435,1.368882,0.763639,
-1.638886,1.368627,0.776190,
-1.644699,1.367616,0.790257,
-1.649378,1.366786,0.805775,
-1.653186,1.366120,0.822728,
-1.659055,1.365095,0.841063,
-1.664926,1.364067,0.860705,
-1.666388,1.363813,0.881611,
-1.672242,1.362783,0.903704,
-1.674869,1.362319,0.926935,
-1.681888,1.361083,0.951237,
-1.683934,1.360718,0.976536,
-1.688623,1.359883,
-1.691555,1.359360,
-1.695944,1.358574,
-1.701804,1.357519,
-1.704734,1.356990,
-1.710584,1.355929,
-1.714680,1.355183,
-1.717892,1.354594,
-1.722275,1.353791,
-1.726073,1.353092,
-1.730744,1.352229,
-1.734789,1.351477,
-1.741765,1.350185,
-1.747009,1.349213,
-1.753118,1.348084,
-1.755734,1.347600,
-1.761542,1.346528,
-1.766183,1.345672,
-1.769372,1.345084,
-1.775165,1.344016,
-1.778930,1.343324,
-1.783851,1.342418,
-1.789641,1.341354,
-1.792523,1.340827,
-1.798315,1.339756,
-1.804406,1.338629,
-1.805856,1.338360,
-1.812508,1.337123,
-1.818265,1.336048,
-1.824138,1.334941,
-1.827062,1.334399,
-1.833646,1.333170,
-1.837886,1.332383,
-1.841534,1.331722,
-1.847118,1.330706,
-1.852337,1.329770,
-1.856703,1.328993,
-1.862165,1.328031,
-1.867403,1.327116,
-1.869067,1.326827,
-1.876070,1.325609,
-1.880369,1.324866,
-1.883251,1.324373,
-1.888727,1.323435,
-1.891619,1.322940,
-1.897673,1.321904,
-1.903370,1.320930,
-1.906208,1.320446,
-1.911864,1.319484,
-1.916086,1.318755,
-1.920299,1.318025,
-1.925664,1.317091,
-1.927368,1.316795,
-1.933324,1.315755,
-1.939850,1.314615,
-1.940420,1.314515,
-1.947324,1.313313,
-1.949056,1.313013,
-1.954238,1.312112,
-1.959517,1.311203,
-1.964463,1.310361,
-1.968839,1.309613,
-1.976093,1.308379,
-1.981020,1.307533,
-1.983357,1.307127,
-1.988326,1.306259,
-1.991212,1.305748,
-1.998120,1.304512,
-2.001335,1.303932,
-2.005732,1.303135,
-2.011582,1.302066,
-2.015965,1.301260,
-2.021210,1.300287,
-2.027057,1.299192,
-2.034642,1.297747,
-2.035803,1.297523,
-2.041914,1.296332,
-2.048595,1.295010,
-2.053253,1.294071,
-2.057584,1.293188,
-2.063087,1.292043,
-2.067715,1.291062,
-2.072911,1.289939,
-2.077232,1.288987,
-2.079243,1.288538,
-2.085863,1.287048,
-2.090177,1.286058,
-2.093627,1.285257,
-2.099090,1.283972,
-2.101677,1.283356,
-2.106845,1.282113,
-2.114017,1.280357,
-2.118901,1.279156,
-2.126317,1.277307,
-2.129185,1.276588,
-2.135846,1.274951,
-2.142568,1.273288,
-2.143741,1.273002,
-2.150655,1.271325,
-2.154064,1.270505,
-2.158323,1.269492,
-2.163741,1.268233,
-2.169171,1.266988,
-2.172335,1.266273,
-2.179279,1.264723,
-2.182185,1.264085,
-2.188284,1.262757,
-2.193496,1.261645,
-2.197523,1.260794,0.978866,
-2.202110,1.259839,0.941993,
-2.207808,1.258670,0.905559,
-2.210634,1.258095,0.867971,
-2.214842,1.257253,0.830954,
-2.220968,1.256049,0.794705,
-2.225777,1.255117,0.757976,
-2.230010,1.254293,0.721123,
-2.236215,1.253104,0.685051,
-2.242760,1.251866,0.649157,
-2.244762,1.251491,0.611653,
-2.250513,1.250423,0.575575,
-2.255773,1.249455,0.539387,
-2.260747,1.248556,0.503150,
-2.265144,1.247772,0.466797,
-2.272457,1.246482,0.431530,
-2.273925,1.246224,0.394442,
-2.281245,1.244956,0.359453,
-2.287093,1.243962,0.324179,
-2.291762,1.243182,0.288825,
-2.297621,1.242209,0.254277,
-2.301739,1.241530,0.219870,
-2.307314,1.240616,0.186902,
-2.312312,1.239802,0.155485,
-2.316721,1.239090,0.126912,
-2.323486,1.238006,0.104202,
-2.330491,1.236894,0.090852,
-2.336932,1.235877,0.091107,
-2.342404,1.235022,0.105260,
-2.346786,1.234348,0.129048,
-2.352360,1.233504,0.157841,
-2.352360,1.233504,0.191116,
-2.359980,1.232374,0.223994,
-2.364080,1.231776,0.258930,
-2.367286,1.231314,0.294772,
-2.375190,1.230190,0.329761,
-2.378991,1.229655,0.366273,
-2.382497,1.229165,0.403097,
-2.386876,1.228556,0.439855,
-2.391543,1.227912,0.476737,
-2.394458,1.227512,0.514261,
-2.397084,1.227153,0.551968,
-2.404075,1.226208,0.588580,
-2.407277,1.225778,0.626319,
-2.412808,1.225043,0.663484,
-2.418632,1.224277,0.700618,
-2.421546,1.223897,0.738602,
-2.425905,1.223335,0.776245,
-2.432017,1.222545,0.813503,
-2.433475,1.222357,0.851977,
-2.440471,1.221462,0.889049,
-2.442217,1.221239,0.927527,
-2.447735,1.220535,0.965055,
-2.453229,1.219839,
-2.457567,1.219292,
-2.463007,1.218612,
-2.468932,1.217879,
-2.475075,1.217125,
-2.476472,1.216955,
-2.483174,1.216157,
-2.489115,1.215473,
-2.491941,1.215154,
-2.497589,1.214527,
-2.503218,1.213915,
-2.507409,1.213468,
-2.511593,1.213035,
-2.518317,1.212340,
-2.525412,1.211610,
-2.528266,1.211320,
-2.532858,1.210860,
-2.537184,1.210429,
-2.540095,1.210145,
-2.545961,1.209568,
-2.548617,1.209314,
-2.554839,1.208721,
-2.560775,1.208170,
-2.562263,1.208030,
-2.569405,1.207385,
-2.574159,1.206963,
-2.578021,1.206625,
-2.587542,1.205811,
-2.592004,1.205435,
-2.595272,1.205166,
-2.599637,1.204810,
-2.603623,1.204490,
-2.609393,1.204045,
-2.613899,1.203710,
-2.616502,1.203521,
-2.622245,1.203120,
-2.626049,1.202865,
-2.629674,1.202629,
-2.635563,1.202259,
-2.639090,1.202050,
-2.643521,1.201791,
-2.649464,1.201453,
-2.656335,1.201074,
-2.662007,1.200766,
-2.664717,1.200621,
-2.670267,1.200325,
-2.677119,1.199948,
-2.684230,1.199537,
-2.687524,1.199346,
-2.692162,1.199073,
-2.698294,1.198708,
-2.703870,1.198367,
-2.705926,1.198239,
-2.713051,1.197791,
-2.718286,1.197463,
-2.720970,1.197295,
-2.724375,1.197085,
-2.730978,1.196676,
-2.733707,1.196502,
-2.738062,1.196220,
-2.743813,1.195848,
-2.747602,1.195613,
-2.751799,1.195344,
-2.757539,1.194969,
-2.765353,1.194453,
-2.766804,1.194355,
-2.772613,1.193961,
-2.779864,1.193458,
-2.787005,1.192955,
-2.793849,1.192463,
-2.799038,1.192094,
-2.804379,1.191716,
-2.806494,1.191563,
-2.812009,1.191158,
-2.813394,1.191052,
-2.817817,1.190725,
-2.824397,1.190234,
-2.828935,1.189903,
-2.833839,1.189528,
-2.836602,1.189295,
-2.838631,1.189121,
-2.843010,1.188774,
-2.849703,1.188257,
-2.853539,1.187912,
-2.856888,1.187639,
-2.861097,1.187272,
-2.863863,1.187039,
-2.869718,1.186530,
-2.875151,1.186064,
-2.877734,1.185845,
-2.881877,1.185502,
-2.887449,1.185047,
-2.892573,1.184635,
-2.893784,1.184538,
-2.899937,1.184054,0.999590,
-2.902214,1.183878,0.983187,
-2.906067,1.183583,0.967916,
-2.912436,1.183092,0.953856,
-2.917793,1.182695,0.941082,
-2.921074,1.182452,0.929506,
-2.928076,1.181926,0.919479,
-2.934391,1.181442,0.911002,
-2.938480,1.181122,0.904114,
-2.942890,1.180772,0.898719,
-2.950260,1.180166,0.895041,
-2.957347,1.179561,0.893119,
-2.957935,1.179511,0.892841,
-2.965308,1.178860,0.894393,
-2.971777,1.178272,0.897771,
-2.972366,1.178218,0.902853,
-2.979460,1.177548,0.909802,
-2.984483,1.177061,0.918529,
-2.987729,1.176740,0.928925,
-2.994803,1.176026,0.941083,
-2.999190,1.175573,0.954932,
-3.002539,1.175222,0.970344,
-3.008070,1.174644,0.987360,
-3.010987,1.174338,
-3.015362,1.173879,
-3.022913,1.173080,
-3.025834,1.172768,
-3.029945,1.172329,
-3.036264,1.171656,
-3.038238,1.171447,
-3.043165,1.170930,
-3.047650,1.170460,
-3.052386,1.169953,
-3.059394,1.169184,
-3.061740,1.168924,
-3.065799,1.168492,
-3.071929,1.167818,
-3.076977,1.167273,
-3.079614,1.166968,
-3.086305,1.166251,
-3.089302,1.165922,
-3.093612,1.165451,
-3.097065,1.165077,
-3.100945,1.164656,
-3.104260,1.164288,
-3.108235,1.163863,
-3.112032,1.163457,
-3.116094,1.162996,
-3.119785,1.162593,
-3.123613,1.162175,
-3.127316,1.161760,
-3.130830,1.161371,
-3.133020,1.161137,
-3.136669,1.160751,
-3.139901,1.160398,
-3.142773,1.160080,
-3.145459,1.159782,
-3.149144,1.159370,
-3.152610,1.158982,
-3.156597,1.158527,
-3.159396,1.158201,
-3.162722,1.157812,
-3.165697,1.157461,
-3.169199,1.157044,
-3.171651,1.156749,
-3.175434,1.156291,
-3.180218,1.155706,
-3.181178,1.155592,
-3.185318,1.155070,
-3.187113,1.154848,0.983933,
-3.189971,1.154487,0.957403,
-3.191754,1.154257,0.932713,
-3.194570,1.153893,0.909528,
-3.197235,1.153534,0.887260,
-3.199751,1.153199,0.865985,
-3.203321,1.152722,0.845830,
-3.205961,1.152372,0.827151,
-3.208952,1.151978,0.810068,
-3.212501,1.151511,0.794755,
-3.216486,1.150987,0.781434,
-3.221159,1.150363,0.770285,
-3.222914,1.150128,0.761589,
-3.225541,1.149771,0.755323,
-3.229375,1.149238,0.751652,
-3.230966,1.149011,0.750655,
-3.233800,1.148605,0.752426,
-3.236456,1.148222,0.756981,
-3.239113,1.147836,0.764259,
-3.241770,1.147446,0.774233,
-3.245136,1.146946,0.786867,
-3.248028,1.146514,0.801995,
-3.252076,1.145905,0.819686,
-3.253504,1.145690,0.839287,
-3.257580,1.145078,0.861397,
-3.260405,1.144654,0.885313,
-3.263050,1.144257,0.911029,
-3.265677,1.143862,0.938444,
-3.270240,1.143170,0.967813,
-3.273204,1.142714,0.998323,
-3.276518,1.142196,
-3.278958,1.141809,
-3.283077,1.141149,
-3.287422,1.140440,
-3.288113,1.140327,
-3.291737,1.139735,
-3.293118,1.139508,
-3.296744,1.138909,
-3.300411,1.138299,
-3.302173,1.138003,
-3.305698,1.137411,
-3.309224,1.136815,
-3.310988,1.136516,
-3.313633,1.136065,
-3.317955,1.135324,
-3.321181,1.134763,
-3.324575,1.134168,
-3.327795,1.133594,
-3.331352,1.132953,
-3.335176,1.132257,
-3.338902,1.131576,
-3.340790,1.131232,
-3.343888,1.130670,
-3.347676,1.129995,
-3.349399,1.129690,
-3.353530,1.128963,
-3.356184,1.128497,
-3.357842,1.128207,
-3.360325,1.127773,
-3.364460,1.127052,
-3.368682,1.126322,
-3.371255,1.125876,
-3.373809,1.125435,
-3.377194,1.124847,
-3.381066,1.124170,
-3.385183,1.123447,
-3.388687,1.122832,
-3.390500,1.122515,
-3.393269,1.122031,
-3.395360,1.121668,
-3.397587,1.121277,
-3.400984,1.120681,
-3.401828,1.120536,
-3.406017,1.119820,
-3.409286,1.119267,
-3.412856,1.118671,
-3.414314,1.118430,
-3.417898,1.117848,
-3.419717,1.117559,
-3.424600,1.116795,
-3.426477,1.116505,
-3.430034,1.115958,
-3.430880,1.115829,
-3.434882,1.115223,
-3.437518,1.114829,
-3.442088,1.114151,
-3.444823,1.113750,
-3.446893,1.113452,
-3.449731,1.113047,
-3.452858,1.112604,
-3.455199,1.112276,
-3.458960,1.111749,
-3.462410,1.111252,
-3.464321,1.110992,
-3.467286,1.110582,
-3.471057,1.110063,
-3.474268,1.109626,
-3.476077,1.109383,
-3.478266,1.109089,
-3.480666,1.108771,
-3.481243,1.108696,
-3.483498,1.108401,
-3.485452,1.108150,
-3.485908,1.108092,
-3.487928,1.107838,
-3.488465,1.107771,
-3.489983,1.107582,
-3.490590,1.107506,
-3.492521,1.107271,
-3.494764,1.106999,
-3.496484,1.106793,
-3.498112,1.106600,
-3.501182,1.106238,
-3.504067,1.105900,
-3.504978,1.105796,
-3.507885,1.105461,
-3.510044,1.105215,
-3.512360,1.104952,
-3.515775,1.104568,
-3.517181,1.104411,
-3.519673,1.104135,
-3.522568,1.103819,
-3.524449,1.103617,
-3.525973,1.103454,
-3.527727,1.103268,
-3.529388,1.103094,
-3.530658,1.102963,
-3.531479,1.102879,
-3.532858,1.102739,
-3.533343,1.102691,
-3.533947,1.102631,
-3.534596,1.102567,
-3.535030,1.102525,
-3.535121,1.102517,
-3.535197,1.102514,
-3.535407,1.102491,
-3.535792,1.102453,
-3.536236,1.102416,
-3.537168,1.102334,
-3.537922,1.102267,
-3.538542,1.102215,
-3.540031,1.102085,
-3.540583,1.102035,
-3.540931,1.102005,
-3.541353,1.101978,
-3.541407,1.101975,
-3.541524,1.101970,
-3.541744,1.101949,
-3.542101,1.101920,0.998719,
-3.542544,1.101889,0.990057,
-3.543477,1.101822,0.983441,
-3.543964,1.101786,0.978982,
-3.544854,1.101723,0.976739,
-3.546412,1.101613,0.976773,
-3.546787,1.101587,0.979162,
-3.548684,1.101457,0.983898,
-3.549124,1.101428,0.991021,
-3.551054,1.101298,
-3.552066,1.101232,
-3.554714,1.101059,
-3.556170,1.100967,
-3.557837,1.100862,
-3.559441,1.100763,
-3.560335,1.100709,
-3.561359,1.100648,
-3.562204,1.100599,
-3.562566,1.100578,
-3.563119,1.100547,
-3.563527,1.100525,
-3.563665,1.100518,
-3.563678,1.100521,
-3.563936,1.100504,
-3.564483,1.100475,
-3.565005,1.100452,
-3.565703,1.100419,
-3.567087,1.100355,
-3.568116,1.100309,
-3.569094,1.100267,
-3.569518,1.100249,
-3.570182,1.100222,
-3.570310,1.100216,
-3.570771,1.100198,
-3.570918,1.100193,
-3.570926,1.100194,
-3.570914,1.100195,
-3.570901,1.100195,
-3.570882,1.100193,
-3.570875,1.100194,
-3.570874,1.100194,
-3.571019,1.100189,
-3.571174,1.100184,
-3.571890,1.100166,
-3.572760,1.100145,
-3.573499,1.100126,
-3.574229,1.100111,
-3.575204,1.100090,
-3.576101,1.100067,
-3.576633,1.100054,
-3.577117,1.100053,
-3.577269,1.100053,
-3.577424,1.100050,
-3.577530,1.100047,
-3.578286,1.100039,
-3.579308,1.100030,
-3.580211,1.100022,
-3.581016,1.100016,
-3.582200,1.100009,
-3.582691,1.100006,
-3.583276,1.100004,
-3.583988,1.100002,
-3.584442,1.100001,
-3.584552,1.100001,
-3.584576,1.100002,
-3.584573,1.100002,
-3.584553,1.100001,
-3.584539,1.100000,
-3.584536,1.100000,
-3.584530,1.100000,
-3.584528,1.100000,
-3.584771,1.100001,
-3.584952,1.100003,
-3.585483,1.100009,
-3.585660,1.100011,
-3.586666,1.100022,
-3.587265,1.100029,
-3.587957,1.100039,
-3.588901,1.100052,
-3.589172,1.100055,
-3.589750,1.100063,
-3.590142,1.100071,
-3.590458,1.100080,
-3.590568,1.100081,
-3.590574,1.100080,
-3.590571,1.100080,
-3.590848,1.100086,
-3.591125,1.100094,
-3.591638,1.100104,
-3.592002,1.100113,
-3.592769,1.100132,
-3.593707,1.100156,
-3.594326,1.100173,
-3.595660,1.100209,
-3.596504,1.100234,
-3.596888,1.100245,
-3.597445,1.100263,
-3.597718,1.100272,
-3.597879,1.100277,
-3.597947,1.100281,
-3.597941,1.100282,
-3.597924,1.100280,
-3.597908,1.100276,
-3.597902,1.100276,
-3.597894,1.100275,
-3.597905,1.100276,
-3.598261,1.100290,
-3.598478,1.100300,
-3.598827,1.100319,
-3.599182,1.100339,
-3.600207,1.100391,
-3.600876,1.100425,
-3.601546,1.100462,
-3.602727,1.100523,
-3.603393,1.100559,
-3.603802,1.100590,
-3.603884,1.100599,
-3.603886,1.100596,
-3.604234,1.100611,
-3.604798,1.100650,
-3.605263,1.100686,
-3.606050,1.100743,
-3.606838,1.100800,
-3.607650,1.100858,
-3.608615,1.100929,
-3.609742,1.101012,
-3.610121,1.101041,
-3.610712,1.101086,
-3.611632,1.101156,
-3.612142,1.101195,
-3.612864,1.101252,
-3.613340,1.101290,
-3.613563,1.101308,
-3.613683,1.101317,
-3.613679,1.101315,
-3.613668,1.101315,
-3.613657,1.101314,
-3.613653,1.101314,
-3.613650,1.101314,
-3.613879,1.101332,
-3.614267,1.101367,
-3.614960,1.101428,
-3.615590,1.101485,
-3.616417,1.101559,
-3.616922,1.101607,
-3.617845,1.101693,
-3.618593,1.101759,
-3.619051,1.101804,
-3.619363,1.101838,
-3.619534,1.101855,
-3.619585,1.101857,
-3.619894,1.101889,
-3.620453,1.101947,
-3.621044,1.102007,
-3.622212,1.102130,
-3.622872,1.102200,
-3.624033,1.102324,
-3.624960,1.102424,
-3.625559,1.102489,
-3.625883,1.102525,
-3.626253,1.102566,
-3.626412,1.102584,
-3.626655,1.102611,
-3.626663,1.102614,
-3.626655,1.102612,
-3.626639,1.102607,0.999736,
-3.626626,1.102604,0.986201,
-3.626620,1.102604,0.972912,
-3.626653,1.102608,0.959863,
-3.626960,1.102645,0.947057,
-3.627221,1.102677,0.934516,
-3.628078,1.102792,0.922247,
-3.628640,1.102867,0.910207,
-3.629401,1.102967,0.898440,
-3.630377,1.103095,0.886881,
-3.631567,1.103252,0.875592,
-3.631956,1.103310,0.864531,
-3.632438,1.103374,0.853664,
-3.632530,1.103385,0.842956,
-3.632779,1.103415,0.832418,
-3.632787,1.103418,0.822030,
-3.632860,1.103428,0.811785,
-3.633400,1.103498,0.801701,
-3.633768,1.103552,0.791734,
-3.634337,1.103634,0.781921,
-3.635513,1.103805,0.772256,
-3.636173,1.103901,0.762656,
-3.636832,1.103997,0.753191,
-3.637456,1.104087,0.743762,
-3.637993,1.104171,0.734431,
-3.638435,1.104239,0.725118,
-3.638646,1.104270,0.715861,
-3.638615,1.104261,0.706630,
-3.638600,1.104257,0.697423,
-3.638673,1.104264,0.688230,
-3.638881,1.104305,0.679062,
-3.638916,1.104308,0.669731,
-3.638920,1.104313,0.660376,
-3.638976,1.104321,0.651127,
-3.639340,1.104385,0.642019,
-3.640424,1.104598,0.633161,
-3.642293,1.104961,0.624644,
-3.644105,1.105311,0.616549,
-3.644439,1.105375,0.608860,
-3.646029,1.105679,0.601693,
-3.646571,1.105784,0.595247,
-3.648047,1.106065,0.589650,
-3.648988,1.106248,0.584987,
-3.650300,1.106503,0.581461,
-3.650950,1.106627,0.579218,
-3.651567,1.106746,0.578392,
-3.651868,1.106804,0.579156,
-3.652374,1.106902,0.581648,
-3.652453,1.106918,0.585993,
-3.652562,1.106938,0.592302,
-3.652558,1.106936,0.600661,
-3.652551,1.106934,0.611130,
-3.652548,1.106930,0.623740,
-3.652689,1.106957,0.638493,
-3.652683,1.106957,0.655380,
-3.652687,1.106958,0.674366,
-3.652687,1.106957,0.695391,
-3.652691,1.106958,0.718511,
-3.652683,1.106956,0.743532,
-3.652675,1.106954,0.770273,
-3.652673,1.106954,0.798632,
-3.652672,1.106953,0.828477,
-3.652781,1.106972,0.831059,
-3.653314,1.107083,0.821988,
-3.653501,1.107122,0.812830,
-3.654174,1.107265,0.803352,
-3.655126,1.107467,0.793631,
-3.655347,1.107514,0.784045,
-3.655685,1.107586,0.774312,
-3.657200,1.107912,0.764106,
-3.657819,1.108046,0.754143,
-3.658695,1.108237,0.744039,
-3.659049,1.108315,0.734065,
-3.659217,1.108352,0.724128,
-3.659330,1.108378,0.714236,
-3.659524,1.108423,0.704354,
-3.659688,1.108462,0.694527,
-3.659698,1.108467,0.684802,
-3.659690,1.108465,0.675138,
-3.659675,1.108463,0.665510,
-3.659675,1.108462,0.655898,
-3.659646,1.108446,0.646314,
-3.659656,1.108454,0.636682,
-3.659640,1.108453,0.627044,
-3.659630,1.108451,0.617376,
-3.659621,1.108449,0.607667,
-3.659906,1.108505,0.597812,
-3.660496,1.108635,0.587774,
-3.660991,1.108745,0.577699,
-3.661297,1.108815,0.567617,
-3.662417,1.109066,0.557153,
-3.662865,1.109165,0.546854,
-3.664219,1.109466,0.536129,
-3.664456,1.109516,0.525724,
-3.664627,1.109554,0.515241,
-3.664807,1.109592,0.504660,
-3.664911,1.109618,0.494001,
-3.664892,1.109614,0.483288,
-3.664892,1.109614,0.472467,
-3.664920,1.109618,0.461536,
-3.665084,1.109654,0.450446,
-3.665100,1.109659,0.439303,
-3.665089,1.109658,0.428066,
-3.665076,1.109655,0.416727,
-3.665170,1.109667,0.405280,
-3.665331,1.109699,0.393735,
-3.665674,1.109773,0.382071,
-3.666491,1.109951,0.370197,
-3.667065,1.110076,0.358396,
-3.667891,1.110252,0.346508,
-3.668874,1.110465,0.334567,
-3.669775,1.110658,0.322684,
-3.670250,1.110761,0.311002,
-3.670728,1.110864,0.299371,
-3.671006,1.110925,0.287882,
-3.671261,1.110983,0.276476,
-3.671372,1.111007,0.265221,
-3.671345,1.111001,0.254124,
-3.671316,1.110992,0.243147,
-3.671286,1.110983,0.232347,
-3.671245,1.110971,0.221733,
-3.671311,1.110982,0.211259,
-3.671506,1.111023,0.200915,
-3.671960,1.111120,0.190652,
-3.672668,1.111270,0.180479,
-3.673017,1.111344,0.170652,
-3.673733,1.111494,0.160890,
-3.674437,1.111643,0.151351,
-3.674967,1.111757,0.142127,
-3.675790,1.111931,0.133035,
-3.676136,1.112005,0.124404,
-3.676773,1.112140,0.115943,
-3.677215,1.112236,0.107889,
-3.677354,1.112268,0.100338,
-3.677554,1.112314,0.093203,
-3.677548,1.112313,0.086695,
-3.677504,1.112301,0.080846,
-3.677438,1.112285,0.075779,
-3.677355,1.112264,0.071611,
-3.677305,1.112251,0.068479,
-3.677236,1.112233,0.066559,
-3.677152,1.112215,0.065959,
-3.677106,1.112205,0.066715,
-3.677058,1.112195,0.068810,
-3.677015,1.112186,0.072139,
-3.677004,1.112185,0.076555,
-3.677031,1.112192,0.081901,
-3.677044,1.112195,0.088027,
-3.677049,1.112197,0.094795,
-3.677050,1.112197,0.102090,
-3.677048,1.112195,0.109822,
-3.677061,1.112194,0.117917,
-3.676953,1.112170,0.126305,
-3.676852,1.112148,0.134953,
-3.676806,1.112137,0.143816,
-3.676766,1.112128,0.152847,
-3.676691,1.112111,0.162005,
-3.676636,1.112100,0.171268,
-3.676576,1.112087,0.180606,
-3.676553,1.112082,0.190006,
-3.676482,1.112066,0.199436,
-3.676454,1.112059,0.208901,
-3.676426,1.112052,0.218381,
-3.676414,1.112050,0.227871,
-3.676382,1.112042,0.237355,
-3.676364,1.112037,0.246718,
-3.676335,1.112030,0.255962,
-3.676323,1.112027,0.265098,
-3.676410,1.112046,0.274147,
-3.676651,1.112100,0.283131,
-3.677235,1.112236,0.292107,
-3.677732,1.112350,0.300969,
-3.678091,1.112434,0.309707,
-3.679128,1.112672,0.318532,
-3.679923,1.112855,0.327222,
-3.680209,1.112921,0.335702,
-3.680611,1.113013,0.344142,
-3.680837,1.113066,0.352468,
-3.681123,1.113137,0.360749,
-3.681386,1.113199,0.368972,
-3.681524,1.113223,0.378820,
-3.681661,1.113249,0.390316,
-3.681752,1.113268,0.403458,
-3.681886,1.113297,0.418292,
-3.681951,1.113311,0.434805,
-3.682001,1.113322,0.453021,
-3.682037,1.113330,0.472931,
-3.682048,1.113332,0.494506,
-3.682056,1.113334,0.517771,
-3.682056,1.113333,0.542678,
-3.682038,1.113328,0.569165,
-3.681984,1.113315,0.597154,
-3.681940,1.113303,0.626587,
-3.681896,1.113293,0.657384,
-3.681854,1.113283,0.689462,
-3.681786,1.113266,0.722726,
-3.681712,1.113248,0.757105,
-3.681556,1.113210,0.792491,
-3.681443,1.113182,0.828863,
-3.681327,1.113154,0.866133,
-3.681176,1.113117,0.904215,
-3.681042,1.113084,0.943072,
-3.680881,1.113045,0.982624,
-3.680627,1.112984,
-3.680592,1.112977,
-3.680599,1.112982,
-3.680804,1.113042,
-3.680825,1.113048,
-3.681312,1.113197,
-3.681813,1.113331,
-3.682412,1.113476,
-3.683136,1.113660,
-3.683211,1.113683,
-3.683451,1.113749,
-3.683510,1.113762,
-3.683680,1.113804,
-3.683895,1.113850,
-3.683953,1.113861,
-3.684027,1.113876,
-3.684108,1.113894,
-3.684136,1.113901,
-3.684176,1.113912,
-3.684217,1.113924,
-3.684313,1.113947,
-3.684580,1.114012,
-3.684767,1.114055,
-3.685192,1.114161,
-3.685337,1.114197,
-3.685644,1.114277,
-3.685703,1.114301,
-3.685748,1.114317,
-3.685666,1.114304,
-3.685629,1.114294,
-3.685622,1.114292,
-3.685606,1.114286,
-3.685623,1.114290,
-3.685641,1.114294,
-3.685654,1.114296,
-3.685676,1.114301,
-3.685700,1.114307,
-3.685711,1.114309,
-3.685712,1.114310,
-3.685717,1.114312,
-3.685726,1.114313,
-3.685731,1.114314,
-3.685742,1.114316,
-3.685767,1.114321,
-3.685833,1.114336,
-3.685836,1.114337,
-3.685899,1.114353,
-3.685949,1.114367,
-3.685977,1.114375,
-3.686043,1.114392,
-3.686051,1.114394,
-3.686080,1.114403,
-3.686113,1.114411,
-3.686135,1.114417,
-3.686155,1.114423,
-3.686202,1.114435,
-3.686295,1.114457,
-3.686337,1.114467,
-3.686398,1.114484,
-3.686504,1.114515,
-3.686553,1.114528,
-3.686617,1.114545,
-3.686595,1.114544,
-3.686593,1.114543,
-3.686593,1.114542,
-3.686597,1.114542,
-3.686613,1.114546,
-3.686919,1.114628,
-3.687577,1.114809,
-3.687905,1.114902,
-3.688308,1.115007,
-3.689208,1.115248,
-3.690551,1.115604,
-3.691350,1.115826,
-3.691786,1.115946,
-3.692068,1.116016,
-3.692318,1.116077,
-3.692357,1.116088,
-3.692410,1.116104,
-3.692532,1.116139,
-3.692584,1.116157,
-3.692682,1.116187,
-3.692771,1.116210,
-3.692842,1.116229,
-3.692992,1.116272,
-3.693428,1.116395,
-3.693558,1.116432,
-3.694315,1.116649,
-3.694971,1.116849,
-3.695455,1.116996,
-3.695886,1.117132,
-3.696615,1.117359,
-3.697127,1.117516,
-3.697180,1.117536,
-3.697422,1.117629,
-3.697490,1.117659,
-3.697607,1.117705,
-3.697775,1.117761,
-3.697870,1.117794,
-3.697966,1.117831,
-3.698150,1.117905,
-3.698281,1.117959,
-3.698276,1.117958,
-3.698247,1.117940,
-3.698203,1.117917,
-3.698012,1.117832,
-3.697604,1.117648,
-3.697151,1.117434,
-3.696650,1.117187,
-3.695842,1.116773,
-3.695585,1.116633,
-3.695141,1.116381,
-3.694561,1.116065,
-3.694019,1.115764,
-3.693146,1.115253,
-3.692299,1.114741,
-3.691766,1.114412,
-3.690165,1.113402,
-3.688717,1.112459,
-3.688157,1.112087,
-3.686312,1.110836,
-3.684678,1.109697,
-3.683490,1.108851,
-3.681485,1.107394,
-3.679038,1.105562,
-3.678266,1.104970,
-3.676034,1.103217,
-3.673211,1.100910,
-3.670656,1.098762,
-3.668744,1.097118,
-3.667554,1.096074,
-3.664615,1.093431,
-3.663851,1.092729,
-3.661365,1.090408,
-3.659746,1.088868,
-3.657966,1.087151,
-3.654847,1.084068,
-3.652665,1.081851,
-3.650598,1.079701,
-3.648979,1.077981,
-3.647020,1.075838,
-3.644895,1.073501,
-3.643079,1.071480,
-3.640092,1.068055,
-3.638285,1.065917,
-3.636908,1.064257,
-3.633593,1.060153,
-3.631169,1.057054,
-3.629515,1.054922,
-3.627733,1.052516,
-3.626200,1.050436,
-3.624998,1.048774,
-3.622269,1.044885,
-3.620701,1.042583,
-3.619282,1.040452,
-3.617185,1.037233,
-3.614929,1.033661,
-3.613769,1.031781,
-3.612357,1.029451,
-3.610489,1.026287,
-3.609740,1.024982,
-3.607640,1.021222,
-3.605431,1.017095,
-3.604772,1.015826,
-3.603390,1.013100,
-3.601829,1.009910,
-3.600822,1.007798,
-3.598863,1.003576,
-3.597377,1.000254,
-3.596208,0.997570,
-3.595104,0.994970,
-3.593974,0.992249,
-3.593080,0.990022,
-3.591645,0.986361,
-3.590314,0.982911,
-3.589464,0.980651,
-3.588577,0.978233,
-3.587329,0.974747,
-3.586421,0.972148,
-3.585548,0.969578,
-3.584088,0.965190,
-3.583194,0.962459,
-3.582631,0.960712,
-3.581309,0.956500,
-3.580491,0.953812,
-3.579915,0.951921,
-3.579304,0.949915,
-3.578921,0.948656,
-3.578223,0.946327,
-3.577567,0.944001,
-3.577300,0.943079,
-3.576610,0.940664,
-3.575964,0.938371,
-3.575389,0.936309,
-3.574989,0.934869,
-3.574363,0.932582,
-3.573729,0.930209,
-3.573225,0.928282,
-3.572923,0.927110,
-3.572625,0.925942,
-3.572209,0.924280,
-3.571544,0.921565,
-3.571216,0.920202,
-3.570650,0.917814,
-3.570200,0.915883,
-3.570122,0.915543,
-3.569601,0.913233,
-3.569019,0.910572,
-3.568581,0.908576,
-3.568337,0.907438,
-3.567906,0.905397,
-3.567593,0.903882,
-3.567337,0.902661,
-3.566854,0.900262,
-3.566450,0.898168,
-3.566166,0.896608,
-3.565559,0.893197,
-3.565093,0.890489,
-3.564782,0.888601,
-3.564401,0.886250,
-3.564032,0.883899,
-3.563955,0.883404,
-3.563636,0.881266,
-3.563384,0.879525,
-3.563230,0.878430,
-3.563014,0.876843,
-3.562818,0.875316,
-3.562593,0.873523,
-3.562523,0.872967,
-3.562320,0.871322,
-3.562062,0.869221,
-3.561932,0.868157,
-3.561784,0.866951,
-3.561566,0.865187,
-3.561488,0.864550,
-3.561334,0.863266,
-3.561246,0.862564,
-3.561094,0.861352,
-3.560928,0.859926,
-3.560806,0.858850,
-3.560702,0.857909,
-3.560581,0.856776,
-3.560471,0.855754,
-3.560394,0.855057,
-3.560333,0.854485,
-3.560240,0.853746,
-3.560164,0.853151,
-3.560125,0.852612,
-3.560086,0.852213,
-3.560061,0.851940,
-3.560016,0.851556,
-3.560007,0.851499,
-3.559991,0.851371,
-3.559986,0.851295,
-3.559983,0.851233,
-3.559980,0.851184,
-3.559978,0.851136,
-3.559988,0.851048,
-3.559973,0.850873,
-3.559970,0.850726,
-3.559955,0.850548,
-3.559950,0.850490,
-3.559949,0.850480,
-3.559937,0.850249,
-3.559918,0.849515,
-3.559908,0.849153,
-3.559883,0.848295,
-3.559857,0.847212,
-3.559845,0.846467,
-3.559827,0.844887,
-3.559823,0.844310,
-3.559809,0.843779,
-3.559790,0.842975,
-3.559780,0.842560,
-3.559788,0.842372,
-3.559799,0.842146,
-3.559799,0.842065,
-3.559794,0.841417,
-3.559788,0.841364,
-3.559789,0.841348,
-3.559796,0.841285,
-3.559801,0.841036,
-3.559796,0.840887,
-3.559799,0.840872,
-3.559800,0.840849,
-3.559802,0.840835,
-3.559805,0.840722,
-3.559808,0.840538,
-3.559805,0.840488,
-3.559814,0.840421,
-3.559817,0.840398,
-3.559821,0.840365,
-3.559840,0.840197,
-3.559845,0.840050,
-3.559845,0.839860,
-3.559850,0.839834,
-3.559854,0.839788,
-3.559857,0.839755,
-3.559871,0.839583,
-3.559902,0.839084,
-3.559928,0.838697,
-3.560013,0.837631,
-3.560066,0.837014,
-3.560163,0.835932,
-3.560276,0.834720,
-3.560335,0.834062,
-3.560424,0.833251,
-3.560500,0.832626,
-3.560680,0.831016,
-3.560823,0.829778,
-3.560984,0.828433,
-3.561154,0.827098,
-3.561291,0.826023,
-3.561325,0.825749,
-3.561472,0.824569,
-3.561695,0.822790,
-3.561841,0.821711,
-3.561952,0.820863,
-3.562166,0.819259,
-3.562243,0.818654,
-3.562386,0.817531,
-3.562427,0.817206,
-3.562582,0.815978,
-3.562713,0.814919,
-3.562801,0.814204,
-3.563005,0.812508,
-3.563109,0.811659,
-3.563272,0.810312,
-3.563432,0.808967,
-3.563548,0.807985,
-3.563683,0.806838,
-3.563801,0.805830,
-3.563911,0.804889,
-3.564073,0.803478,
-3.564220,0.802200,
-3.564417,0.800514,
-3.564478,0.799965,
-3.564573,0.799095,
-3.564714,0.797927,
-3.564744,0.797673,
-3.564831,0.796934,
-3.564873,0.796557,
-3.564945,0.795980,
-3.565000,0.795426,
-3.565028,0.795181,
-3.565056,0.794942,
-3.565085,0.794718,
-3.565105,0.794540,
-3.565106,0.794535,
-3.565120,0.794428,
-3.565133,0.794255,
-3.565137,0.794221,
-3.565139,0.794222,
-3.565143,0.794217,
-3.565142,0.794218,
-3.565142,0.794216,
-3.565143,0.794210,
-3.565145,0.794204,
-3.565146,0.794200,
-3.565147,0.794196,
-3.565169,0.794027,
-3.565199,0.793829,
-3.565209,0.793761,
-3.565211,0.793742,
-3.565214,0.793733,0.997746,
-3.565218,0.793719,0.993679,
-3.565217,0.793702,0.989711,
-3.565246,0.793560,0.985635,
-3.565251,0.793532,0.981747,
-3.565247,0.793527,0.977879,
-3.565249,0.793525,0.973996,
-3.565250,0.793523,0.970096,
-3.565274,0.793378,0.965943,
-3.565308,0.793185,0.961694,
-3.565312,0.793161,0.957689,
-3.565314,0.793153,0.953685,
-3.565318,0.793138,0.949660,
-3.565319,0.793134,0.945653,
-3.565330,0.793055,0.941538,
-3.565374,0.792839,0.937235,
-3.565375,0.792823,0.933277,
-3.565377,0.792819,0.929379,
-3.565379,0.792815,0.925529,
-3.565380,0.792810,0.921735,
-3.565380,0.792810,0.918013,
-3.565380,0.792809,0.914362,
-3.565381,0.792805,0.910783,
-3.565382,0.792801,0.907289,
-3.565383,0.792799,0.903888,
-3.565382,0.792804,0.900593,
-3.565386,0.792789,0.897370,
-3.565386,0.792787,0.894267,
-3.565386,0.792787,0.891277,
-3.565387,0.792786,0.888392,
-3.565392,0.792768,0.885604,
-3.565392,0.792763,0.882954,
-3.565394,0.792759,0.880424,
-3.565395,0.792754,0.878008,
-3.565397,0.792750,0.875708,
-3.565397,0.792750,0.873526,
-3.565395,0.792755,0.871464,
-3.565397,0.792749,0.869499,
-3.565398,0.792744,0.867654,
-3.565399,0.792740,0.865931,
-3.565399,0.792740,0.864337,
-3.565400,0.792739,0.862869,
-3.565401,0.792738,0.861530,
-3.565403,0.792732,0.860316,
-3.565405,0.792722,0.859232,
-3.565407,0.792713,0.858288,
-3.565409,0.792708,0.857491,
-3.565409,0.792707,0.856841,
-3.565410,0.792702,0.856332,
-3.565411,0.792701,0.855976,
-3.565408,0.792711,0.855784,
-3.565411,0.792699,0.855719,
-3.565412,0.792695,0.855809,
-3.565413,0.792694,0.856063,
-3.565414,0.792693,0.856427,
-3.565426,0.792649,0.856913,
-3.565429,0.792632,0.857603,
-3.565432,0.792621,0.858475,
-3.565437,0.792603,0.859513,
-3.565440,0.792594,0.860737,
-3.565442,0.792582,0.862135,
-3.565440,0.792591,0.863732,
-3.565442,0.792582,0.865481,
-3.565445,0.792573,0.867393,
-3.565447,0.792567,0.869468,
-3.565448,0.792563,0.871699,
-3.565450,0.792559,0.874079,
-3.565458,0.792527,0.876577,
-3.565464,0.792506,0.879227,
-3.565465,0.792499,0.882031,
-3.565472,0.792479,0.884957,
-3.565477,0.792460,0.888017,
-3.565470,0.792480,0.891244,
-3.565471,0.792476,0.894575,
-3.565475,0.792461,0.898021,
-3.565478,0.792450,0.901596,
-3.565481,0.792445,0.905297,
-3.565482,0.792441,0.909118,
-3.565498,0.792374,0.913004,
-3.565539,0.792223,0.916937,
-3.565572,0.792108,0.919998,
-3.565582,0.792075,0.922345,
-3.565585,0.792059,0.924037,
-3.565585,0.792059,0.925178,
-3.565625,0.791929,0.925747,
-3.565646,0.791844,0.925964,
-3.565686,0.791681,0.925811,
-3.565690,0.791665,0.925522,
-3.565704,0.791615,0.925026,
-3.565713,0.791580,0.924415,
-3.565715,0.791572,0.923738,
-3.565716,0.791571,0.923023,
-3.565717,0.791566,0.922300,
-3.565718,0.791561,0.921600,
-3.565719,0.791557,0.920952,
-3.565720,0.791552,0.920376,
-3.565722,0.791547,0.919891,
-3.565724,0.791539,0.919511,
-3.565727,0.791530,0.919246,
-3.565728,0.791528,0.919113,
-3.565731,0.791517,0.919106,
-3.565733,0.791509,0.919236,
-3.565735,0.791503,0.919504,
-3.565736,0.791499,0.919907,
-3.565737,0.791495,0.920442,
-3.565740,0.791489,0.921102,
-3.565742,0.791480,0.921879,
-3.565743,0.791476,0.922768,
-3.565746,0.791466,0.923752,
-3.565744,0.791474,0.924830,
-3.565743,0.791473,0.925973,
-3.565745,0.791466,0.927168,
-3.565747,0.791461,0.928407,
-3.565749,0.791457,0.929675,
-3.565752,0.791449,0.930954,
-3.565755,0.791440,0.932225,
-3.565760,0.791422,0.933464,
-3.565763,0.791410,0.934654,
-3.565769,0.791392,0.935770,
-3.565774,0.791376,0.936791,
-3.565779,0.791358,0.937693,
-3.565799,0.791297,0.938444,
-3.565812,0.791250,0.939028,
-3.565820,0.791225,0.939410,
-3.565832,0.791184,0.939570,
-3.565844,0.791147,0.939504,
-3.565846,0.791137,0.939216,
-3.565853,0.791116,0.938707,
-3.565860,0.791091,0.937976,
-3.565864,0.791079,0.937023,
-3.565870,0.791061,0.935836,
-3.565874,0.791047,0.934417,
-3.565880,0.791030,0.932766,
-3.565872,0.791052,0.930890,
-3.565869,0.791060,0.928788,
-3.565872,0.791046,0.926467,
-3.565878,0.791029,0.923826,
-3.565882,0.791020,0.921125,
-3.565888,0.791007,0.918618,
-3.565890,0.791002,0.916553,
-3.565895,0.790985,0.915162,
-3.565898,0.790973,0.914661,
-3.565904,0.790955,0.915242,
-3.565908,0.790945,0.917068,
-3.565911,0.790936,0.913675,
-3.565915,0.790924,0.911339,
-3.565937,0.790857,0.910328,
-3.565949,0.790821,0.910545,
-3.565957,0.790796,0.911887,
-3.565970,0.790756,0.914245,
-3.565976,0.790735,0.917497,
-3.565988,0.790700,0.921544,
-3.565986,0.790704,0.926199,
-3.565986,0.790702,0.931438,
-3.565988,0.790696,0.937152,
-3.565992,0.790685,0.943242,
-3.565995,0.790677,0.949618,
-3.565999,0.790666,0.956201,
-3.566009,0.790636,0.962924,
-3.566018,0.790610,0.969731,
-3.566026,0.790587,0.976575,
-3.566033,0.790567,0.983422,
-3.566040,0.790545,0.990245,
-3.566047,0.790524,0.997023,
-3.566050,0.790515,
-3.566032,0.790560,
-3.566030,0.790566,
-3.565999,0.790644,
-3.565984,0.790682,
-3.565984,0.790682,
-3.565987,0.790667,
-3.566028,0.790552,
-3.566054,0.790476,
-3.566100,0.790332,
-3.566145,0.790196,
-3.566163,0.790139,
-3.566196,0.790037,
-3.566214,0.789979,
-3.566227,0.789937,
-3.566235,0.789909,
-3.566240,0.789895,
-3.566248,0.789869,
-3.566248,0.789867,
-3.566248,0.789866,
-3.566251,0.789860,
-3.566252,0.789856,
-3.566254,0.789849,
-3.566257,0.789843,
-3.566260,0.789833,
-3.566253,0.789852,
-3.566225,0.789935,
-3.566214,0.789967,
-3.566217,0.789952,
-3.566222,0.789931,
-3.566224,0.789927,
-3.566203,0.789993,
-3.566199,0.790009,
-3.566201,0.789996,
-3.566199,0.789995,
-3.566198,0.789997,
-3.566194,0.790014,
-3.566217,0.789949,
-3.566226,0.789915,
-3.566253,0.789823,
-3.566285,0.789710,
-3.566311,0.789621,
-3.566316,0.789604,
-3.566324,0.789572,
-3.566329,0.789558,
-3.566332,0.789544,
-3.566334,0.789538,
-3.566335,0.789535,
-3.566336,0.789530,
-3.566336,0.789529,
-3.566337,0.789528,
-3.566337,0.789525,
-3.566338,0.789522,
-3.566339,0.789519,
-3.566340,0.789517,
-3.566341,0.789512,
-3.566326,0.789566,
-3.566326,0.789566,
-3.566328,0.789561,
-3.566331,0.789548,
-3.566330,0.789544,
-3.566327,0.789555,
-3.566327,0.789558,
-3.566326,0.789562,
-3.566326,0.789564,
-3.566319,0.789583,
-3.566314,0.789597,
-3.566312,0.789604,
-3.566310,0.789608,
-3.566327,0.789552,
-3.566343,0.789498,
-3.566350,0.789467,
-3.566359,0.789432,
-3.566367,0.789403,
-3.566373,0.789380,
-3.566364,0.789410,
-3.566373,0.789389,
-3.566370,0.789387,
-3.566369,0.789383,
-3.566368,0.789392,
-3.566367,0.789398,
-3.566390,0.789313,
-3.566402,0.789262,
-3.566406,0.789246,
-3.566412,0.789225,
-3.566414,0.789219,
-3.566416,0.789211,
-3.566422,0.789192,
-3.566422,0.789188,
-3.566422,0.789186,
-3.566423,0.789184,
-3.566423,0.789184,
-3.566425,0.789179,
-3.566427,0.789171,
-3.566428,0.789168,
-3.566430,0.789162,
-3.566431,0.789160,
-3.566432,0.789156,
-3.566434,0.789150,
-3.566432,0.789156,
-3.566428,0.789165,
-3.566430,0.789159,
-3.566433,0.789148,
-3.566434,0.789147,
-3.566435,0.789148,
-3.566430,0.789162,
-3.566430,0.789160,
-3.566431,0.789156,
-3.566432,0.789152,
-3.566433,0.789151,
-3.566434,0.789152,
-3.566434,0.789152,
-3.566440,0.789130,
-3.566440,0.789129,
-3.566443,0.789120,
-3.566443,0.789120,
-3.566444,0.789116,
-3.566445,0.789113,
-3.566443,0.789120,
-3.566442,0.789123,
-3.566442,0.789122,
-3.566443,0.789117,
-3.566443,0.789117,
-3.566444,0.789117,
-3.566443,0.789119,
-3.566457,0.789075,
-3.566464,0.789048,
-3.566466,0.789042,
-3.566469,0.789031,
-3.566472,0.789021,
-3.566457,0.789072,
-3.566464,0.789055,
-3.566464,0.789053,
-3.566467,0.789037,
-3.566466,0.789033,
-3.566463,0.789048,
-3.566476,0.789010,
-3.566483,0.788978,
-3.566507,0.788889,
-3.566522,0.788834,
-3.566527,0.788815,
-3.566530,0.788806,
-3.566531,0.788802,
-3.566532,0.788801,
-3.566532,0.788800,
-3.566532,0.788800,
-3.566531,0.788800,
-3.566532,0.788800,
-3.566535,0.788788,
-3.566537,0.788781,
-3.566539,0.788774,
-3.566540,0.788771,
-3.566541,0.788768,
-3.566544,0.788759,0.979377,
-3.566555,0.788724,0.940494,
-3.566563,0.788694,0.901634,
-3.566566,0.788683,0.862830,
-3.566571,0.788667,0.824043,
-3.566574,0.788656,0.785298,
-3.566577,0.788648,0.746599,
-3.566578,0.788645,0.707952,
-3.566578,0.788645,0.672564,
-3.566581,0.788636,0.640147,
-3.566583,0.788630,0.610482,
-3.566586,0.788620,0.583329,
-3.566585,0.788624,0.558513,
-3.566575,0.788647,0.535855,
-3.566578,0.788635,0.515068,
-3.566584,0.788619,0.496056,
-3.566588,0.788611,0.478696,
-3.566589,0.788611,0.462855,
-3.566593,0.788600,0.448614,
-3.566622,0.788505,0.435713,
-3.566643,0.788439,0.424259,
-3.566673,0.788338,0.414014,
-3.566724,0.788178,0.404827,
-3.566736,0.788140,0.396958,
-3.566775,0.788019,0.389908,
-3.566763,0.788045,0.384044,
-3.566768,0.788025,0.378902,
-3.566778,0.787994,0.374474,
-3.566784,0.787976,0.370735,
-3.566797,0.787948,0.367571,
-3.566809,0.787914,0.364927,
-3.566820,0.787885,0.362766,
-3.566858,0.787771,0.360855,
-3.566880,0.787703,0.359407,
-3.566920,0.787591,0.358200,
-3.566948,0.787514,0.357349,
-3.566965,0.787465,0.356802,
-3.566996,0.787378,0.356399,
-3.567008,0.787343,0.356287,
-3.567028,0.787287,0.356309,
-3.567044,0.787243,0.356509,
-3.567063,0.787192,0.356836,
-3.567092,0.787115,0.357232,
-3.567104,0.787082,0.357821,
-3.567124,0.787030,0.358465,
-3.567131,0.787012,0.359272,
-3.567148,0.786968,0.360128,
-3.567172,0.786906,0.361055,
-3.567181,0.786883,0.362167,
-3.567207,0.786819,0.363311,
-3.567236,0.786745,0.364545,
-3.567242,0.786732,0.366016,
-3.567248,0.786715,0.367593,
-3.567212,0.786800,0.369485,
-3.567184,0.786864,0.371450,
-3.567100,0.787048,0.373765,
-3.567061,0.787139,0.376010,
-3.567060,0.787141,0.378184,
-3.567071,0.787109,0.380359,
-3.567078,0.787093,0.382619,
-3.567094,0.787055,0.384904,
-3.567113,0.787015,0.387244,
-3.567124,0.786991,0.389675,
-3.567137,0.786963,0.392164,
-3.567156,0.786921,0.394690,
-3.567159,0.786915,0.397354,
-3.567168,0.786893,0.400054,
-3.567176,0.786873,0.402824,
-3.567180,0.786863,0.405683,
-3.567184,0.786853,0.408608,
-3.567190,0.786838,0.411592,
-3.567194,0.786827,0.414660,
-3.567197,0.786821,0.417815,
-3.567203,0.786807,0.420975,
-3.567207,0.786796,0.424240,
-3.567209,0.786791,0.427586,
-3.567214,0.786778,0.431023,
-3.567217,0.786772,0.434583,
-3.567220,0.786763,0.438250,
-3.567224,0.786753,0.442023,
-3.567228,0.786743,0.445914,
-3.567230,0.786737,0.449927,
-3.567235,0.786724,0.454044,
-3.567239,0.786716,0.458289,
-3.567241,0.786710,0.462659,
-3.567246,0.786698,0.467137,
-3.567251,0.786687,0.471740,
-3.567253,0.786680,0.476475,
-3.567256,0.786673,0.481332,
-3.567260,0.786664,0.486308,
-3.567262,0.786657,0.491414,
-3.567267,0.786647,0.496636,
-3.567268,0.786644,0.501996,
-3.567272,0.786634,0.507467,
-3.567277,0.786621,0.513052,
-3.567280,0.786613,0.518755,
-3.567283,0.786607,0.524560,
-3.567286,0.786598,0.530438,
-3.567288,0.786595,0.536400,
-3.567289,0.786590,0.542418,
-3.567294,0.786579,0.548472,
-3.567298,0.786568,0.554565,
-3.567302,0.786559,0.560691,
-3.567304,0.786554,0.566844,
-3.567306,0.786547,0.573004,
-3.567309,0.786541,0.579167,
-3.567314,0.786529,0.585314,
-3.567317,0.786521,0.591441,
-3.567320,0.786514,0.597526,
-3.567325,0.786500,0.603534,
-3.567327,0.786495,0.609478,
-3.567330,0.786488,0.615323,
-3.567331,0.786485,0.621066,
-3.567337,0.786471,0.626664,
-3.567341,0.786461,0.632131,
-3.567346,0.786447,0.637441,
-3.567349,0.786440,0.642602,
-3.567354,0.786429,0.647585,
-3.567357,0.786421,0.652391,
-3.567359,0.786414,0.657007,
-3.567365,0.786401,0.661434,
-3.567367,0.786394,0.665713,
-3.567371,0.786385,0.669838,
-3.567375,0.786374,0.673823,
-3.567378,0.786368,0.677693,
-3.567382,0.786357,0.681440,
-3.567383,0.786354,0.983760,0.685093,
-3.567388,0.786343,0.956493,0.688633,
-3.567393,0.786330,0.930225,0.692078,
-3.567396,0.786322,0.905024,0.695444,
-3.567401,0.786309,0.880984,0.698717,
-3.567406,0.786298,0.858191,0.701915,
-3.567410,0.786286,0.836751,0.705032,
-3.567415,0.786275,0.816775,0.708076,
-3.567417,0.786269,0.798390,0.711054,
-3.567423,0.786254,0.781732,0.713956,
-3.567427,0.786245,0.766920,0.716808,
-3.567429,0.786239,0.754076,0.719606,
-3.567433,0.786230,0.743316,0.722340,
-3.567437,0.786220,0.734737,0.725017,
-3.567442,0.786205,0.728424,0.727632,
-3.567446,0.786195,0.724443,0.730203,
-3.567451,0.786184,0.722824,0.732723,
-3.567453,0.786178,0.723569,0.735209,
-3.567458,0.786166,0.726652,0.737647,
-3.567461,0.786159,0.732044,0.740053,
-3.567465,0.786149,0.739689,0.742416,
-3.567472,0.786132,0.749513,0.744731,
-3.567477,0.786119,0.761436,0.747020,
-3.567482,0.786106,0.775356,0.749284,
-3.567484,0.786100,0.791171,0.751538,
-3.567489,0.786086,0.808756,0.753765,
-3.567495,0.786072,0.828002,0.755985,
-3.567499,0.786063,0.848803,0.758216,
-3.567502,0.786054,0.871041,0.996977,0.760458,
-3.567508,0.786040,0.894604,0.988771,0.762712,
-3.567513,0.786027,0.919397,0.982048,0.764996,
-3.567514,0.786024,0.945337,0.976849,0.767336,
-3.567519,0.786011,0.972309,0.973210,0.769706,
-3.567522,0.786003,0.971158,0.772141,
-3.567526,0.785993,0.970713,0.774637,
-3.567531,0.785981,0.971886,0.777201,
-3.567535,0.785970,0.974676,0.779847,
-3.567539,0.785960,0.979075,0.782581,
-3.567542,0.785953,0.985063,0.785412,
-3.567545,0.785944,0.992609,0.788337,
-3.567548,0.785938,0.791369,
-3.567552,0.785928,0.794503,
-3.567557,0.785916,0.797743,
-3.567560,0.785908,0.801104,
-3.567564,0.785897,0.804570,
-3.567569,0.785883,0.808132,
-3.567571,0.785879,0.811811,
-3.567576,0.785866,0.815566,
-3.567582,0.785851,0.819405,
-3.567585,0.785842,0.823333,
-3.567589,0.785833,0.827334,
-3.567594,0.785819,0.831396,
-3.567596,0.785814,0.835535,
-3.567600,0.785804,0.839719,
-3.567605,0.785791,0.843951,
-3.567607,0.785788,0.848244,
-3.567612,0.785773,0.852557,
-3.567614,0.785769,0.856924,
-3.567619,0.785757,0.861306,
-3.567624,0.785745,0.865712,
-3.567628,0.785733,0.870140,
-3.567631,0.785726,0.874592,
-3.567637,0.785711,0.879042,
-3.567639,0.785706,0.883517,
-3.567643,0.785696,0.887988,
-3.567645,0.785690,0.892466,
-3.567649,0.785679,0.896931,
-3.567655,0.785664,0.901384,
-3.567656,0.785661,0.905845,
-3.567661,0.785650,0.910282,
-3.567665,0.785637,0.914706,
-3.567668,0.785630,0.919129,
-3.567673,0.785619,0.923535,
-3.567678,0.785607,0.927929,
-3.567680,0.785599,0.932319,
-3.567685,0.785588,0.936692,
-3.567689,0.785576,0.941051,
-3.567692,0.785569,0.945408,
-3.567696,0.785558,0.949743,
-3.567699,0.785551,0.954071,
-3.567703,0.785542,0.958378,
-3.567708,0.785527,0.962659,
-3.567712,0.785518,0.964774,
-3.567714,0.785512,0.964807,
-3.567718,0.785502,0.962853,
-3.567722,0.785492,0.959026,
-3.567726,0.785481,0.953445,
-3.567730,0.785472,0.945921,
-3.567733,0.785465,0.936568,
-3.567738,0.785451,0.925498,
-3.567742,0.785439,0.912862,
-3.567745,0.785433,0.898815,
-3.567749,0.785421,0.883502,
-3.567755,0.785406,0.867091,
-3.567757,0.785401,0.849771,
-3.567761,0.785391,0.831697,
-3.567764,0.785384,0.813052,
-3.567766,0.785377,0.793184,
-3.567772,0.785364,0.772356,
-3.567777,0.785351,0.750834,
-3.567778,0.785346,0.728873,
-3.567784,0.785331,0.706691,
-3.567790,0.785317,0.684538,
-3.567791,0.785312,0.662653,
-3.567795,0.785303,0.641386,
-3.567800,0.785292,0.621046,
-3.567801,0.785287,0.601811,
-3.567804,0.785279,0.583847,
-3.567808,0.785270,0.567334,
-3.567812,0.785258,0.552447,
-3.567818,0.785245,0.539360,
-3.567822,0.785233,0.528239,
-3.567825,0.785224,0.519237,
-3.567830,0.785213,0.512486,
-3.567834,0.785201,0.508095,
-3.567840,0.785186,0.506142,
-3.567842,0.785181,0.506663,
-3.567847,0.785168,0.509669,
-3.567850,0.785162,0.515119,
-3.567852,0.785156,0.522953,
-3.567856,0.785144,0.533087,
-3.567859,0.785139,0.545395,
-3.567862,0.785130,0.559756,
-3.567864,0.785124,0.576023,
-3.567868,0.785114,0.594059,
-3.567874,0.785100,0.613723,
-3.567879,0.785086,0.634869,
-3.567881,0.785081,0.657356,
-3.567884,0.785072,0.681077,
-3.567886,0.785066,0.705911,
-3.567890,0.785057,0.731762,
-3.567893,0.785048,0.758537,
-3.567894,0.785045,0.786139,
-3.567899,0.785032,0.814521,
-3.567902,0.785024,0.843593,
-3.567908,0.785009,0.873311,
-3.567911,0.785001,0.903601,
-3.567916,0.784988,0.934436,
-3.567918,0.784982,0.965751,
-3.567921,0.784975,0.997522,
-3.567927,0.784961,
-3.567932,0.784948,
-3.567935,0.784940,
-3.567937,0.784933,
-3.567941,0.784922,
-3.567944,0.784916,
-3.567948,0.784906,
-3.567953,0.784892,
-3.567956,0.784882,
-3.567958,0.784879,
-3.567962,0.784868,
-3.567965,0.784860,
-3.567968,0.784852,
-3.567973,0.784840,
-3.567977,0.784828,
-3.567978,0.784825,
-3.567983,0.784813,
-3.567986,0.784804,
-3.567991,0.784792,
-3.567994,0.784784,
-3.567999,0.784770,
-3.568002,0.784762,
-3.568006,0.784752,
-3.568009,0.784744,
-3.568013,0.784734,
-3.568017,0.784724,
-3.568018,0.784721,
-3.568022,0.784709,
-3.568025,0.784703,
-3.568027,0.784696,
-3.568031,0.784685,
-3.568033,0.784680,
-3.568037,0.784670,
-3.568040,0.784662,
-3.568043,0.784656,
-3.568046,0.784646,
-3.568049,0.784638,
-3.568054,0.784627,
-3.568057,0.784618,
-3.568061,0.784606,
-3.568065,0.784595,
-3.568069,0.784588,
-3.568072,0.784579,
-3.568076,0.784568,
-3.568080,0.784556,
-3.568084,0.784545,
-3.568089,0.784534,
-3.568091,0.784528,
-3.568093,0.784521,
-3.568097,0.784511,
-3.568100,0.784503,
-3.568103,0.784496,
-3.568107,0.784485,
-3.568110,0.784477,
-3.568114,0.784467,
-3.568117,0.784460,
-3.568121,0.784449,
-3.568125,0.784438,
-3.568126,0.784435,
-3.568131,0.784422,
-3.568133,0.784417,
-3.568135,0.784410,
-3.568139,0.784399,
-3.568142,0.784394,
-3.568143,0.784387,
-3.568147,0.784380,
-3.568148,0.784375,
-3.568153,0.784363,
-3.568156,0.784354,
-3.568158,0.784350,
-3.568161,0.784342,
-3.568165,0.784332,
-3.568167,0.784326,
-3.568170,0.784318,
-3.568173,0.784308,
-3.568177,0.784298,
-3.568179,0.784293,
-3.568182,0.784285,
-3.568185,0.784278,
-3.568186,0.784274,
-3.568190,0.784263,
-3.568194,0.784254,
-3.568197,0.784245,
-3.568199,0.784241,
-3.568202,0.784232,
-3.568203,0.784230,
-3.568206,0.784221,
-3.568209,0.784212,
-3.568212,0.784205,
-3.568215,0.784198,
-3.568218,0.784189,
-3.568220,0.784183,
-3.568222,0.784178,
-3.568226,0.784166,
-3.568228,0.784163,
-3.568231,0.784155,
-3.568233,0.784148,
-3.568234,0.784145,
-3.568237,0.784136,
-3.568238,0.784134,
-3.568242,0.784124,
-3.568245,0.784116,
-3.568247,0.784113,
-3.568249,0.784106,
-3.568250,0.784102,
-3.568254,0.784094,
-3.568257,0.784083,
-3.568259,0.784078,
-3.568261,0.784073,
-3.568265,0.784062,
-3.568267,0.784058,
-3.568270,0.784049,
-3.568272,0.784043,
-3.568275,0.784037,
-3.568278,0.784029,
-3.568279,0.784023,
-3.568281,0.784019,
-3.568284,0.784012,
-3.568286,0.784005,
-3.568289,0.783998,
-3.568291,0.783991,
-3.568294,0.783985,
-3.568296,0.783978,
-3.568298,0.783972,
-3.568301,0.783965,
-3.568303,0.783959,
-3.568305,0.783954,
-3.568307,0.783948,
-3.568309,0.783942,
-3.568312,0.783935,
-3.568316,0.783925,
-3.568318,0.783919,
-3.568320,0.783914,
-3.568323,0.783906,
-3.568324,0.783903,
-3.568326,0.783897,
-3.568328,0.783892,
-3.568330,0.783886,
-3.568334,0.783877,
-3.568337,0.783869,
-3.568339,0.783862,
-3.568341,0.783856,
-3.568344,0.783850,
-3.568347,0.783841,
-3.568349,0.783834,
-3.568351,0.783830,
-3.568353,0.783823,
-3.568356,0.783817,
-3.568357,0.783813,
-3.568360,0.783805,0.994061,
-3.568362,0.783799,0.983768,
-3.568363,0.783797,0.973522,
-3.568366,0.783790,0.963317,
-3.568368,0.783782,0.953147,
-3.568371,0.783776,0.943022,
-3.568373,0.783771,0.932952,
-3.568375,0.783765,0.922944,
-3.568376,0.783760,0.913005,
-3.568380,0.783752,0.903141,
-3.568381,0.783748,0.893359,
-3.568383,0.783743,0.883583,
-3.568386,0.783735,0.873840,
-3.568388,0.783729,0.864152,
-3.568390,0.783725,0.854539,
-3.568390,0.783723,0.845020,
-3.568392,0.783718,0.835612,
-3.568395,0.783709,0.826334,
-3.568397,0.783706,0.817207,
-3.568398,0.783701,0.808252,
-3.568401,0.783694,0.799494,
-3.568402,0.783691,0.790962,
-3.568404,0.783684,0.782686,
-3.568406,0.783679,0.774703,
-3.568408,0.783674,0.767051,
-3.568411,0.783667,0.759775,
-3.568413,0.783659,0.752923,
-3.568415,0.783654,0.746546,
-3.568417,0.783651,0.740701,
-3.568418,0.783648,0.735446,
-3.568420,0.783642,0.730806,
-3.568422,0.783635,0.726808,
-3.568425,0.783628,0.723492,
-3.568427,0.783621,0.720900,
-3.568429,0.783618,0.719081,
-3.568431,0.783612,0.718087,
-3.568433,0.783605,0.717974,
-3.568434,0.783603,0.718797,
-3.568437,0.783595,0.720614,
-3.568439,0.783589,0.723481,
-3.568441,0.783584,0.727446,
-3.568443,0.783579,0.732555,
-3.568444,0.783575,0.738835,
-3.568445,0.783572,0.746320,
-3.568447,0.783568,0.755034,
-3.568449,0.783562,0.764996,
-3.568451,0.783556,0.776213,
-3.568453,0.783551,0.788747,
-3.568454,0.783548,0.802583,
-3.568457,0.783540,0.817696,
-3.568460,0.783533,0.834059,
-3.568460,0.783533,0.851637,
-3.568463,0.783525,0.870394,
-3.568465,0.783519,0.890253,
-3.568466,0.783515,0.911140,
-3.568468,0.783509,0.933021,
-3.568470,0.783502,0.955859,
-3.568473,0.783497,0.979615,
-3.568474,0.783494,
-3.568476,0.783487,
-3.568478,0.783480,
-3.568481,0.783474,
-3.568483,0.783470,
-3.568485,0.783464,
-3.568486,0.783461,
-3.568487,0.783456,
-3.568488,0.783453,
-3.568490,0.783448,
-3.568493,0.783441,
-3.568494,0.783437,
-3.568496,0.783432,
-3.568498,0.783427,
-3.568500,0.783420,
-3.568502,0.783416,
-3.568504,0.783411,
-3.568505,0.783408,
-3.568506,0.783405,
-3.568506,0.783403,
-3.568508,0.783399,
-3.568510,0.783394,
-3.568511,0.783391,
-3.568513,0.783385,
-3.568514,0.783382,
-3.568516,0.783378,
-3.568517,0.783375,
-3.568519,0.783369,
-3.568521,0.783362,
-3.568524,0.783356,
-3.568526,0.783351,
-3.568526,0.783349,
-3.568528,0.783343,
-3.568529,0.783340,
-3.568531,0.783336,
-3.568531,0.783335,
-3.568533,0.783329,
-3.568535,0.783323,
-3.568536,0.783322,
-3.568538,0.783315,
-3.568540,0.783310,
-3.568541,0.783309,
-3.568543,0.783303,
-3.568544,0.783299,
-3.568545,0.783296,
-3.568546,0.783292,
-3.568548,0.783288,
-3.568549,0.783285,
-3.568550,0.783281,
-3.568552,0.783277,
-3.568553,0.783275,
-3.568554,0.783270,
-3.568556,0.783265,
-3.568557,0.783263,
-3.568559,0.783257,
-3.568561,0.783253,
-3.568561,0.783252,
-3.568563,0.783245,
-3.568564,0.783243,
-3.568566,0.783238,
-3.568567,0.783235,
-3.568568,0.783231,
-3.568570,0.783227,
-3.568572,0.783221,
-3.568573,0.783219,
-3.568574,0.783215,
-3.568576,0.783211,
-3.568577,0.783207,
-3.568578,0.783204,
-3.568580,0.783200,
-3.568580,0.783197,
-3.568581,0.783195,
-3.568583,0.783191,
-3.568585,0.783185,
-3.568585,0.783183,
-3.568587,0.783180,
-3.568587,0.783179,
-3.568589,0.783173,
-3.568590,0.783170,
-3.568591,0.783167,
-3.568593,0.783162,
-3.568594,0.783160,
-3.568595,0.783156,
-3.568597,0.783151,
-3.568599,0.783147,
-3.568599,0.783144,
-3.568600,0.783142,
-3.568601,0.783139,
-3.568604,0.783133,
-3.568604,0.783131,
-3.568605,0.783128,
-3.568607,0.783122,
-3.568608,0.783121,
-3.568609,0.783116,
-3.568611,0.783112,
-3.568612,0.783110,
-3.568613,0.783106,
-3.568614,0.783103,
-3.568616,0.783100,
-3.568617,0.783094,
-3.568619,0.783089,
-3.568620,0.783087,
-3.568621,0.783084,
-3.568623,0.783078,
-3.568624,0.783075,
-3.568625,0.783073,
-3.568626,0.783070,
-3.568627,0.783068,
-3.568629,0.783063,
-3.568629,0.783061,
-3.568630,0.783057,
-3.568631,0.783055,
-3.568632,0.783052,
-3.568634,0.783048,
-3.568634,0.783046,
-3.568634,0.783046,
-3.568637,0.783038,
-3.568638,0.783036,
-3.568640,0.783031,
-3.568641,0.783029,
-3.568641,0.783027,
-3.568643,0.783022,
-3.568644,0.783019,
-3.568645,0.783017,
-3.568646,0.783014,
-3.568647,0.783010,
-3.568648,0.783007,
-3.568649,0.783004,
-3.568651,0.783000,
-3.568652,0.782996,
-3.568654,0.782992,
-3.568655,0.782989,
-3.568655,0.782986,
-3.568657,0.782982,
-3.568658,0.782980,
-3.568659,0.782977,
-3.568659,0.782975,
-3.568661,0.782972,
-3.568662,0.782968,
-3.568663,0.782965,
-3.568664,0.782962,
-3.568665,0.782958,
-3.568666,0.782957,
-3.568667,0.782953,
-3.568669,0.782949,
-3.568670,0.782945,
-3.568671,0.782942,
-3.568672,0.782940,
-3.568673,0.782935,
-3.568675,0.782932,
-3.568676,0.782929,
-3.568677,0.782925,
-3.568679,0.782921,
-3.568679,0.782918,
-3.568680,0.782917,
-3.568681,0.782912,
-3.568683,0.782909,
-3.568684,0.782907,
-3.568685,0.782904,0.998532,
-3.568686,0.782901,0.982086,
-3.568686,0.782900,0.965734,
-3.568687,0.782895,0.949478,
-3.568689,0.782891,0.933326,
-3.568690,0.782888,0.917287,
-3.568691,0.782885,0.901375,
-3.568692,0.782883,0.885608,
-3.568694,0.782878,0.870008,
-3.568694,0.782877,0.854606,
-3.568695,0.782874,0.839436,
-3.568696,0.782871,0.824542,
-3.568697,0.782869,0.810087,
-3.568698,0.782866,0.796134,
-3.568699,0.782862,0.782747,
-3.568700,0.782861,0.769989,
-3.568701,0.782857,0.757927,
-3.568702,0.782854,0.746630,
-3.568703,0.782852,0.736170,
-3.568704,0.782849,0.726621,
-3.568705,0.782846,0.718060,
-3.568706,0.782843,0.710566,
-3.568706,0.782842,0.704207,
-3.568708,0.782838,0.699063,
-3.568709,0.782834,0.695209,
-3.568709,0.782833,0.692718,
-3.568711,0.782830,0.691656,
-3.568712,0.782827,0.966025,0.692081,
-3.568712,0.782826,0.923849,0.694038,
-3.568713,0.782822,0.882109,0.697564,
-3.568714,0.782819,0.840894,0.702622,
-3.568715,0.782817,0.800288,0.709228,
-3.568716,0.782815,0.760382,0.717384,
-3.568717,0.782812,0.721291,0.727079,
-3.568718,0.782810,0.683152,0.738290,
-3.568719,0.782807,0.646121,0.750982,
-3.568720,0.782804,0.610391,0.765112,
-3.568720,0.782803,0.576194,0.780628,
-3.568721,0.782800,0.543799,0.797472,
-3.568722,0.782797,0.513528,0.815577,
-3.568722,0.782795,0.485751,0.834877,
-3.568724,0.782793,0.460888,0.855303,
-3.568725,0.782790,0.439405,0.876787,
-3.568726,0.782786,0.421787,0.899263,
-3.568727,0.782784,0.408502,0.922668,
-3.568727,0.782781,0.398944,0.946940,
-3.568729,0.782778,0.393521,0.972027,
-3.568730,0.782775,0.392516,0.997877,
-3.568731,0.782772,0.396060,
-3.568732,0.782770,0.404115,
-3.568732,0.782768,0.416483,
-3.568733,0.782766,0.432849,
-3.568733,0.782765,0.452825,
-3.568734,0.782762,0.475995,
-3.568735,0.782760,0.501947,
-3.568736,0.782758,0.530301,
-3.568736,0.782756,0.560716,
-3.568737,0.782754,0.592897,
-3.568738,0.782751,0.626592,
-3.568738,0.782750,0.661587,
-3.568739,0.782748,0.697706,
-3.568740,0.782744,0.734802,
-3.568741,0.782741,0.772751,
-3.568742,0.782739,0.811448,
-3.568743,0.782737,0.850811,
-3.568744,0.782735,0.890765,
-3.568745,0.782733,0.931255,
-3.568745,0.782731,0.972228,
-3.568746,0.782729,
-3.568747,0.782726,
-3.568748,0.782723,
-3.568748,0.782722,
-3.568749,0.782719,
-3.568750,0.782717,
-3.568751,0.782713,
-3.568752,0.782712,
